StudentID,Age,Gender,Ethnicity,ParentalEducation,StudyTimeWeekly,Absences,Tutoring,ParentalSupport,Extracurricular,Sports,Music,Volunteering,GradeClass
1001,17,1,0,2,19.833722807854713,7,1,2,0,0,1,0,2.0
1003,15,0,2,3,4.21056976881226,26,0,2,0,0,0,0,4.0
1004,17,1,0,3,10.028829473958217,14,0,3,1,0,0,0,3.0
1006,18,0,0,1,8.191218545250186,0,0,1,1,0,0,0,1.0
1007,15,0,1,1,15.601680474699297,10,0,3,0,1,0,0,2.0
1008,15,1,1,4,15.424496305808074,22,1,1,1,0,0,0,4.0
1009,17,0,0,0,4.562007558047703,1,0,2,0,1,0,1,2.0
1010,16,1,0,1,18.4444663630972,0,0,3,1,0,0,0,0.0
1011,17,0,0,1,11.851363655296536,11,0,1,0,0,0,0,3.0
1013,17,0,1,1,10.038711615617212,21,0,3,1,0,0,0,4.0
1014,17,0,1,2,12.101425068754876,21,0,4,0,1,0,0,4.0
1015,18,1,0,1,11.197810636915708,9,1,2,0,0,0,0,3.0
1017,18,0,3,1,10.098656081788002,14,0,2,1,1,0,0,3.0
1018,18,1,0,0,3.5282382085577235,16,1,2,0,0,0,0,4.0
1020,17,0,0,1,10.835206398820308,9,0,2,0,0,1,0,3.0
1021,16,1,0,3,2.621597234094062,2,0,3,0,0,0,1,2.0
1024,18,1,3,4,18.94613798473924,20,0,2,1,0,0,0,4.0
1025,18,1,0,1,7.380354648223455,15,0,2,0,0,0,0,4.0
1027,16,0,0,1,10.367992532661304,2,0,2,0,1,0,0,2.0
1028,16,1,0,3,2.2521845869844137,8,0,3,0,0,1,0,3.0
1030,18,0,0,2,3.67159254710292,20,0,3,1,0,0,0,4.0
1031,15,0,2,2,5.055317199023282,12,1,0,0,1,0,0,4.0
1033,18,0,0,3,7.663289371182516,25,0,1,0,1,0,0,4.0
1035,16,0,0,3,9.126336411019247,27,1,2,1,1,0,0,4.0
1036,15,0,3,1,3.415365200066738,23,0,1,0,0,0,0,4.0
1037,18,0,0,1,5.344197909721482,26,1,1,0,0,0,0,4.0
1038,15,0,2,1,10.18226770375044,21,1,1,0,1,0,0,4.0
1040,17,1,2,1,12.233113512920282,21,1,3,1,1,0,0,4.0
1044,18,1,0,1,18.245091222023113,9,0,2,0,1,0,0,2.0
1045,18,1,0,1,18.921512361376628,1,1,3,1,1,0,0,0.0
1046,18,0,0,2,4.894311940474019,7,0,4,0,0,1,0,2.0
1047,18,0,1,2,2.6313061327870924,5,0,1,1,0,0,0,2.0
1049,16,0,1,2,17.90170345532629,17,0,3,0,0,1,0,3.0
1051,17,1,2,2,17.18649902140952,5,0,3,0,0,0,0,2.0
1052,16,1,2,0,2.200354422550872,12,1,1,1,0,1,0,4.0
1056,18,0,0,1,8.847874814963872,25,0,2,0,1,0,0,4.0
1057,18,1,0,4,0.9213833935093518,20,0,2,0,1,1,0,4.0
1059,17,0,0,1,6.771080548741026,9,1,3,0,1,0,0,2.0
1062,17,0,0,1,17.376021916356407,12,0,2,0,0,1,0,3.0
1063,15,0,1,3,13.238031529438572,11,0,3,0,1,0,0,3.0
1064,15,0,0,1,8.680977369563614,8,0,2,0,1,0,0,3.0
1065,17,0,0,2,16.388557073407302,3,1,4,0,0,0,0,1.0
1068,15,1,0,1,10.638659551055827,28,0,0,0,1,0,0,4.0
1069,18,1,3,2,5.690239194848883,21,1,3,0,0,1,0,4.0
1070,16,1,2,1,0.941223957538948,1,0,4,0,0,1,0,1.0
1071,16,0,1,2,13.370933902279706,6,0,2,1,0,0,0,2.0
1072,16,1,1,1,17.255415549184512,28,0,3,0,0,1,1,4.0
1073,15,0,1,1,3.258053089547881,8,0,2,1,1,0,0,2.0
1074,16,0,0,3,16.24827315247801,4,1,2,0,0,0,0,1.0
1075,15,1,0,3,17.067914670738833,14,0,3,1,0,1,0,3.0
1077,18,0,0,2,5.305701781721048,3,0,3,0,0,0,0,2.0
1078,18,1,1,3,18.079061303797783,18,1,1,1,1,0,0,3.0
1079,17,1,0,0,6.413255094728645,19,0,1,0,0,0,0,4.0
1081,17,0,3,1,1.0101494166456426,6,0,1,0,1,0,0,3.0
1083,15,1,1,1,14.407464254644058,7,0,0,1,1,0,0,2.0
1084,18,0,2,1,8.88959955955582,16,0,1,0,1,0,0,4.0
1085,17,1,0,2,5.125847507384352,12,0,3,1,1,0,0,3.0
1086,17,1,2,3,3.808269920498204,23,0,3,0,0,0,0,4.0
1089,18,0,0,1,16.117823383937086,22,0,0,1,0,1,0,4.0
1090,16,0,2,1,1.5849921225985764,10,0,2,0,0,1,1,3.0
1091,18,0,3,1,3.829792298162389,26,0,1,0,0,0,1,4.0
1093,16,0,0,2,9.697174794322072,1,1,3,0,0,0,0,0.0
1094,16,0,3,2,7.099902316278836,16,1,3,0,1,0,0,3.0
1095,16,1,0,1,6.414243299685878,4,0,1,1,1,0,0,2.0
1096,16,1,2,3,19.278320241463767,29,0,3,0,0,0,1,4.0
1097,16,1,1,1,12.831593624867883,29,0,4,0,0,1,0,4.0
1099,16,0,0,3,8.603518168886264,25,0,2,1,0,1,1,4.0
1100,15,0,0,1,17.500173994879404,24,0,2,0,0,0,0,4.0
1101,17,1,2,1,6.029123728213359,23,1,1,1,1,0,1,4.0
1102,16,1,0,3,1.8911268954877647,6,0,3,1,0,1,1,2.0
1103,16,0,1,1,15.167695431798355,27,0,3,1,1,0,0,4.0
1105,16,1,1,0,11.406250156530078,29,0,3,1,0,0,0,4.0
1107,16,0,3,1,2.8099801959103465,18,0,0,1,0,0,1,4.0
1108,18,1,0,0,12.450987924262275,15,0,1,0,1,0,0,4.0
1110,17,0,2,1,10.081401594968488,12,1,4,0,0,0,0,2.0
1112,17,1,3,0,5.670143805418788,2,1,4,0,0,1,0,0.0
1113,18,1,0,1,18.968503110829857,2,0,2,0,0,0,0,1.0
1114,16,0,0,1,16.8492821367115,18,1,1,0,1,1,0,4.0
1115,17,0,2,0,14.44747015265597,13,1,2,0,0,0,0,3.0
1117,15,1,2,0,2.122600386180389,21,0,3,1,0,1,0,4.0
1119,18,1,0,1,3.2142669838197135,26,0,3,0,1,0,0,4.0
1120,15,0,2,1,19.56530927058948,3,0,2,1,0,1,1,0.0
1122,15,1,1,1,9.74935670927948,7,1,1,0,1,1,0,2.0
1123,16,0,1,4,7.282421136830108,18,0,2,0,0,0,0,4.0
1124,17,1,3,1,12.78772842908196,4,0,3,0,0,0,0,1.0
1125,15,0,0,2,2.5807281777884983,1,1,2,1,0,1,0,1.0
1126,18,1,0,2,8.606328560847817,14,0,4,1,0,0,0,2.0
1127,16,1,1,3,5.494100656142873,1,0,3,1,0,0,0,0.0
1129,18,0,1,2,0.8117142426939017,12,1,1,1,1,0,0,3.0
1130,18,1,0,1,18.274549880129182,22,1,3,0,0,0,0,4.0
1131,18,1,0,1,16.65988277106001,9,0,1,0,0,0,0,3.0
1132,15,1,0,3,5.951414328816309,2,0,3,0,0,0,0,1.0
1135,17,0,0,2,19.33731100586787,5,1,2,1,0,0,0,1.0
1136,15,0,3,1,10.531898851795788,12,0,2,1,0,0,0,3.0
1137,15,1,0,4,6.065620521308905,9,0,3,0,1,0,0,3.0
1138,15,0,3,2,7.251664251893541,18,0,0,1,0,1,1,4.0
1140,15,1,2,3,19.786990280840783,17,1,3,0,0,0,0,3.0
1142,15,1,0,1,13.09814246295718,23,1,0,1,1,0,0,4.0
1144,18,0,2,1,18.978324363774306,16,0,2,1,0,1,0,3.0
1145,18,0,2,2,4.919994806135904,7,1,2,1,1,0,0,3.0
1146,17,1,0,3,10.641736478760226,9,0,3,1,0,0,0,2.0
1147,17,1,2,2,9.64712417165506,1,1,2,1,0,0,1,0.0
1148,17,0,2,1,14.057328881002029,11,0,3,0,1,0,0,3.0
1149,15,0,1,4,1.3602046390484102,22,0,1,1,1,0,1,4.0
1150,18,0,2,2,3.875782600467097,5,0,3,1,0,0,0,2.0
1151,17,0,2,2,4.291296401856997,1,0,1,0,1,1,0,2.0
1152,17,1,1,1,14.763015096833794,20,1,3,0,1,0,0,4.0
1153,15,1,0,3,3.7827739265348015,22,0,4,1,0,0,1,4.0
1156,16,0,0,3,17.232499001679567,16,1,3,1,1,0,0,2.0
1157,17,1,0,1,18.84370908979277,28,0,0,0,1,1,1,4.0
1158,16,0,0,2,10.369859498844807,6,0,2,0,0,0,0,2.0
1160,18,0,0,1,4.681155500349982,20,0,3,0,0,0,1,4.0
1162,15,1,3,3,5.370001523949908,22,1,3,0,0,0,0,4.0
1163,18,0,0,2,13.084715598906358,0,1,3,0,0,1,1,0.0
1166,15,0,0,3,7.925545249834012,13,0,2,0,1,0,0,4.0
1167,18,1,0,1,13.87726684656789,15,1,2,1,1,0,0,2.0
1169,17,1,2,2,10.251524318484233,14,0,3,1,0,0,0,3.0
1170,16,1,2,2,5.35548629208235,20,0,2,0,1,0,0,4.0
1171,18,1,0,2,9.099015536839994,23,0,3,0,1,0,0,4.0
1172,15,0,0,2,9.415699940254145,25,0,2,1,0,0,1,4.0
1174,18,1,0,2,18.81279998372228,9,0,2,0,1,0,0,2.0
1178,17,0,3,1,10.889226642983372,25,1,2,1,0,1,0,4.0
1180,17,0,3,2,15.209292125521332,1,0,3,1,0,0,1,1.0
1181,15,0,0,2,19.698582168829834,5,1,3,0,0,0,0,1.0
1182,17,0,0,1,18.915494340169214,20,0,3,1,0,0,0,4.0
1184,17,1,1,2,17.507264798015214,9,1,4,1,1,0,0,1.0
1185,15,0,3,4,14.089872728233694,3,0,3,0,0,0,0,2.0
1187,16,1,0,2,10.812219886494582,2,0,3,0,0,0,0,2.0
1188,17,1,1,3,16.99200349964916,8,0,1,1,0,0,0,2.0
1190,16,0,2,2,7.464147382102537,21,1,3,0,0,0,0,4.0
1191,17,1,1,1,9.864949860519715,16,0,2,0,0,0,1,4.0
1192,17,1,0,2,11.582596080700982,13,1,3,0,0,0,0,3.0
1194,17,1,1,1,18.018154605339813,12,0,2,0,0,0,0,3.0
1195,17,1,0,0,13.483738976592276,11,1,1,1,0,1,0,2.0
1197,16,1,0,4,1.9899245236127627,0,0,1,1,0,0,1,1.0
1198,18,0,2,1,12.083478763451836,27,0,3,1,0,1,0,4.0
1199,15,1,2,2,2.4192132447698467,21,0,2,0,0,0,0,4.0
1200,17,1,2,3,1.573953503907981,28,0,3,1,0,0,0,4.0
1201,17,0,1,2,10.546217912847863,18,0,1,0,0,1,0,4.0
1202,18,1,1,1,8.055710680929899,18,0,1,0,0,0,0,4.0
1203,17,0,0,2,11.776205403124465,5,0,3,0,1,0,1,2.0
1206,15,0,0,2,3.4957343009031594,12,1,4,0,0,0,0,3.0
1207,18,0,0,4,19.74200171848233,26,1,1,1,0,0,0,4.0
1209,16,1,1,1,13.748737218817348,21,0,1,0,0,0,0,4.0
1210,15,0,0,2,6.508365613652156,20,1,2,1,0,1,1,4.0
1211,17,1,2,0,1.894778295586883,3,0,2,0,0,1,0,2.0
1212,17,0,0,3,19.517417255670733,23,0,1,0,0,1,1,4.0
1214,17,0,1,1,8.476163703471485,14,1,2,0,0,0,0,4.0
1215,17,1,0,3,12.9972784340515,11,0,3,0,0,0,0,3.0
1216,15,0,0,2,0.4939459537222257,29,1,1,1,0,0,0,4.0
1217,18,1,2,1,16.205182610345737,26,1,2,1,0,0,0,4.0
1218,15,1,0,2,10.731563800572406,6,0,0,1,0,1,0,2.0
1219,18,1,2,3,5.564343741376443,19,1,3,0,0,0,0,4.0
1220,17,1,0,1,1.232159705849385,17,0,3,0,0,0,0,4.0
1221,17,1,0,3,3.2499683094888288,22,0,3,1,1,0,1,4.0
1222,17,1,2,0,17.900677177068737,12,0,2,0,1,0,1,3.0
1223,16,1,0,2,13.72048447871782,16,0,3,0,0,1,0,4.0
1224,18,1,0,3,4.998034432737796,3,0,3,0,0,0,0,2.0
1225,16,1,0,1,1.3120152989005909,24,0,0,1,0,0,0,4.0
1226,16,0,0,2,13.812306247732726,13,0,1,0,0,1,0,4.0
1227,15,0,2,1,11.448154519355302,19,0,2,0,0,0,0,4.0
1228,16,0,0,2,8.090390489164701,27,0,3,0,1,0,0,4.0
1229,15,0,2,2,7.272228983801277,12,1,0,0,0,0,0,4.0
1230,15,0,2,2,4.336285518582166,2,0,3,0,1,0,0,1.0
1232,18,1,3,1,19.41336055587741,25,0,2,0,0,0,0,4.0
1233,18,1,0,0,3.514304916736517,17,0,1,0,1,0,1,4.0
1235,18,1,0,2,8.483701114919524,14,0,0,0,1,0,0,4.0
1236,18,1,1,3,8.933774434893298,2,0,0,0,1,0,0,2.0
1237,16,1,0,2,5.082945602556288,0,0,3,0,0,1,0,2.0
1238,16,0,0,2,16.50269751322838,25,1,2,0,0,1,0,4.0
1239,17,0,1,4,9.705112082944822,23,1,2,0,0,0,0,4.0
1241,16,0,0,3,6.095218255946515,2,1,2,0,1,0,0,1.0
1244,15,1,1,0,14.282382818498318,12,1,2,0,0,0,0,3.0
1245,17,0,3,2,3.924685633757112,14,0,2,1,0,0,0,4.0
1247,15,1,3,1,7.807528920939077,13,0,2,0,0,0,0,4.0
1248,15,1,2,2,8.315496019793029,20,0,2,1,0,0,0,4.0
1249,15,0,0,2,9.383549921855431,25,0,2,0,1,0,0,4.0
1252,15,0,1,1,6.192636200056915,7,0,2,1,0,0,0,3.0
1253,18,0,0,2,13.274687213878767,3,1,1,1,0,0,0,2.0
1254,15,0,0,4,13.31568802937742,3,0,3,0,0,0,1,1.0
1256,17,0,1,3,9.20205253115376,10,0,4,1,0,0,1,3.0
1257,17,0,0,2,3.8689445602387496,0,1,3,0,0,0,0,1.0
1258,16,1,0,2,4.2074416305967155,7,1,2,0,1,1,0,2.0
1260,17,0,0,2,17.934930998154893,0,0,1,0,0,0,0,1.0
1261,15,1,0,2,4.214133301498125,6,0,1,1,0,0,0,3.0
1263,15,0,2,2,5.592028652902636,19,0,2,1,1,0,1,4.0
1264,15,0,0,2,2.54816143390858,19,0,4,0,0,1,1,4.0
1265,17,0,2,1,12.785257663627256,23,0,2,0,0,0,0,4.0
1266,16,1,2,2,1.5028590635517314,10,1,3,0,0,0,0,3.0
1267,18,0,0,1,2.6840485265270053,26,0,3,0,0,0,0,4.0
1269,17,1,0,1,6.793212409628855,13,0,0,0,1,1,1,4.0
1270,17,1,2,0,14.158956534023782,21,1,2,0,1,0,0,4.0
1271,16,1,0,2,11.14849489340284,15,0,3,0,0,0,0,4.0
1272,18,0,1,2,5.120423461230262,13,0,3,0,0,0,1,4.0
1273,18,1,1,2,13.016559009786562,11,0,4,0,0,0,0,3.0
1274,18,0,0,1,2.325473605857613,16,0,3,0,0,0,1,4.0
1275,15,1,0,2,10.728207661600608,13,1,1,0,0,0,0,3.0
1277,15,0,2,3,5.357471656348816,23,0,0,1,1,0,0,4.0
1278,16,0,0,3,12.080099954790002,28,1,3,0,0,0,0,4.0
1280,16,1,0,1,19.978093995261535,17,0,3,0,0,0,0,4.0
1281,18,1,2,2,12.15525537486849,21,0,4,0,0,0,1,4.0
1282,18,0,0,0,8.094117486583404,8,1,3,0,0,1,0,2.0
1283,16,0,2,2,4.5041420043240326,16,0,2,1,0,0,1,4.0
1286,17,1,0,0,7.345554025614184,25,0,1,0,0,0,0,4.0
1290,18,0,2,0,7.67069024867954,5,0,1,0,0,0,0,3.0
1292,17,0,0,2,13.015766416938035,18,0,4,1,0,0,0,4.0
1295,16,0,0,2,16.35808353664879,3,0,4,0,0,0,0,1.0
1297,16,0,0,0,17.415943446762263,10,1,4,0,1,0,0,1.0
1298,17,1,0,1,10.254997995878592,11,1,3,0,0,0,0,4.0
1299,15,1,1,3,7.965004697268256,13,1,3,0,1,0,0,2.0
1300,18,0,1,1,9.943345614353714,12,1,1,0,0,0,0,4.0
1305,16,1,1,2,6.859330394001564,4,0,2,0,1,1,0,1.0
1307,18,1,2,0,8.789307487168843,13,0,4,0,0,0,0,3.0
1308,16,1,2,0,9.926455425687577,4,0,4,0,1,0,1,0.0
1309,18,0,1,3,8.072933889869557,25,0,1,1,0,0,0,4.0
1310,16,0,3,1,13.573201876537942,27,0,3,0,1,0,0,4.0
1312,17,0,0,2,19.228351556931468,7,0,2,0,0,1,1,1.0
1313,18,1,2,3,11.985550356471837,24,0,1,0,0,0,0,4.0
1315,17,0,0,2,2.187118062189577,5,1,1,0,1,0,0,2.0
1316,18,1,0,0,7.945825858918115,15,1,0,0,1,0,0,4.0
1317,17,1,0,2,6.736954028943054,27,0,4,0,0,0,0,4.0
1319,17,1,2,2,17.222270401228513,11,0,3,0,0,1,0,2.0
1322,15,1,0,1,17.00635416315198,11,0,4,1,0,0,0,2.0
1325,16,1,1,2,10.857562647216104,5,1,1,0,1,0,0,2.0
1327,17,0,2,4,2.5017781967280706,17,0,3,0,1,0,0,4.0
1329,18,1,2,2,11.13636720556615,22,0,0,0,0,0,0,4.0
1330,18,0,2,2,18.92757306716742,10,0,1,1,1,0,0,3.0
1332,15,0,0,2,6.538842005093899,8,0,3,0,1,0,0,3.0
1333,18,0,0,2,12.133786463957716,2,0,0,0,0,0,0,2.0
1334,17,1,0,2,18.608972010900622,29,0,2,0,1,0,1,4.0
1338,17,0,0,3,2.2571628942552446,11,0,2,0,1,0,0,4.0
1340,18,1,0,2,16.411528786676996,24,0,4,0,0,0,1,4.0
1342,18,1,3,2,4.784221760684375,15,0,1,1,0,1,0,4.0
1343,17,1,3,2,15.739515987624015,9,0,4,1,0,1,0,2.0
1345,17,0,3,1,7.387652951651702,13,0,3,0,0,0,1,4.0
1347,17,1,3,2,11.206973487006469,8,0,1,0,1,1,0,2.0
1348,18,1,0,2,14.572303135855538,6,0,3,1,0,1,0,1.0
1349,18,1,0,0,7.096914468613164,11,0,3,0,0,0,0,4.0
1350,17,1,0,0,12.253686893492144,4,0,2,0,0,0,0,2.0
1352,15,0,0,1,10.952322013074944,3,0,4,0,0,0,0,2.0
1353,15,0,1,2,12.809665862844245,1,0,2,0,1,0,0,2.0
1354,18,1,2,0,5.188983421361526,2,1,3,0,0,0,0,1.0
1355,18,0,1,2,1.6929750716925795,25,0,3,0,0,0,0,4.0
1357,16,1,2,2,4.491647653078021,2,1,3,1,1,0,0,1.0
1359,15,1,0,2,16.808855010920404,5,0,2,0,0,1,0,1.0
1362,15,1,0,3,7.019512478521827,9,0,1,1,0,0,1,3.0
1364,16,0,0,3,7.873637719812256,0,1,4,0,0,1,0,0.0
1366,17,1,2,1,1.2243331628714405,15,0,4,1,1,0,1,4.0
1367,16,1,2,1,11.818321856544536,8,0,0,0,0,0,0,3.0
1368,16,0,0,1,19.784333668411723,24,1,1,0,1,0,0,4.0
1369,17,1,0,3,3.3365940990052567,20,1,1,0,0,0,0,4.0
1370,17,0,0,2,0.9336963979854752,8,1,3,1,0,0,1,3.0
1373,16,0,0,1,16.59287610705857,8,0,0,0,0,0,0,3.0
1375,15,1,1,2,18.91347074101609,22,1,2,1,0,0,0,4.0
1377,18,0,1,2,13.239396789012684,14,0,4,0,1,0,0,2.0
1378,15,0,1,0,9.297095616265414,1,0,1,1,0,0,0,2.0
1380,15,0,0,2,8.991978120154746,10,1,3,1,0,0,0,2.0
1381,18,1,2,1,3.7726449284814967,7,0,2,1,1,0,1,2.0
1382,16,1,0,4,10.157948320067618,22,0,1,1,0,0,0,4.0
1383,18,1,1,1,10.571684028748846,5,0,2,1,0,0,1,2.0
1384,15,1,0,1,16.21207696520322,20,0,3,0,0,0,0,4.0
1385,15,0,0,1,14.710414115871624,19,1,1,1,0,0,0,4.0
1386,18,0,0,2,13.275832478828882,6,0,3,0,0,0,0,2.0
1387,17,0,0,2,2.2677419110514507,2,0,4,0,0,0,0,2.0
1389,15,0,0,0,10.006103127090295,17,0,2,0,0,0,0,4.0
1392,17,1,2,3,1.1031318120357092,1,0,2,1,0,0,0,2.0
1393,18,1,2,3,16.412831207089575,24,1,1,1,0,0,0,4.0
1394,18,1,0,0,0.7539478084534124,20,0,1,1,1,0,0,4.0
1395,17,1,3,2,7.343392513900453,26,0,1,0,0,0,0,4.0
1396,18,0,0,3,10.845999512421582,23,0,3,0,0,1,0,4.0
1397,18,1,3,1,2.962015972542549,18,0,2,0,0,0,0,4.0
1398,16,1,3,3,14.926276251381536,6,0,3,0,0,0,0,2.0
1399,18,1,2,1,0.1670940834427714,17,1,3,1,0,0,1,4.0
1405,18,0,0,3,13.43558540509732,27,0,2,0,1,0,0,4.0
1406,18,1,1,1,7.886822927013286,26,0,0,0,0,0,0,4.0
1407,16,0,3,1,0.0256885105360282,3,0,4,1,0,0,0,2.0
1410,16,1,3,3,13.502597716888394,11,0,2,0,1,0,0,3.0
1411,17,1,3,1,8.34896567792925,8,0,3,0,1,0,0,3.0
1412,18,1,3,2,14.613580230567804,25,0,1,0,0,0,0,4.0
1415,17,0,2,1,3.8403250193589766,24,0,1,0,1,0,0,4.0
1416,15,0,0,1,16.799964464878858,27,0,2,1,1,0,0,4.0
1417,15,0,0,1,14.49825493248879,17,1,2,1,0,0,0,4.0
1418,16,1,2,4,17.8952397402499,19,1,2,1,0,0,0,4.0
1419,18,0,0,2,2.3511449824187314,8,0,1,1,1,0,0,3.0
1420,16,0,1,2,19.80445069230148,3,0,2,0,0,0,0,1.0
1422,16,1,0,1,0.2355975257328402,26,0,2,0,0,1,0,4.0
1423,16,1,1,3,19.94845878107108,7,0,3,0,0,0,0,1.0
1424,17,1,2,2,5.621477708902263,0,1,4,0,0,1,0,0.0
1425,18,1,0,3,13.360389050251198,16,0,1,0,0,0,0,4.0
1427,15,0,0,3,11.604570643982834,8,1,1,0,0,1,0,2.0
1428,18,1,0,1,18.080699729091187,19,0,2,0,0,0,1,4.0
1429,15,1,3,1,6.403623348568772,12,0,2,1,1,0,0,3.0
1430,18,0,0,2,13.405079520887185,1,0,2,0,0,0,0,1.0
1432,16,1,0,2,12.495907974374504,8,0,2,1,0,0,0,3.0
1433,15,1,0,2,6.729007036350203,29,0,2,1,0,0,0,4.0
1434,18,1,2,2,4.224165171759033,19,0,3,0,1,1,0,4.0
1435,18,1,2,1,6.263641014072703,5,1,1,1,0,0,0,2.0
1436,18,0,0,0,3.576821370155987,27,0,1,0,1,0,0,4.0
1437,18,0,0,1,18.038322156757655,0,1,0,1,0,0,0,1.0
1438,18,0,0,2,7.943737726342577,27,1,1,0,0,0,0,4.0
1439,17,1,0,1,4.905586099487347,24,0,2,0,1,0,0,4.0
1440,17,1,1,1,8.968156820318658,4,0,2,1,0,1,0,2.0
1442,18,0,0,0,14.88838507626652,3,0,0,1,0,0,1,2.0
1443,15,0,0,2,19.424398237709887,0,0,3,0,1,1,1,0.0
1444,18,0,3,3,8.760673133952936,13,0,3,1,1,1,0,3.0
1445,18,1,3,1,17.220667999444807,8,1,4,1,0,0,0,1.0
1446,17,0,0,2,11.31726147119239,29,0,4,0,1,0,0,4.0
1447,17,0,2,2,3.1447133018846696,23,0,4,0,1,0,1,4.0
1449,17,0,0,2,10.268689942516405,17,1,3,1,0,0,0,3.0
1450,16,0,2,2,13.01213046504207,13,0,1,0,0,0,0,4.0
1451,16,0,3,2,17.7937482514333,24,0,3,1,1,0,1,4.0
1456,17,1,0,1,12.064442713159274,22,0,0,1,1,0,1,4.0
1458,18,1,0,2,19.671945994775484,9,0,2,0,0,0,0,2.0
1459,17,1,1,2,13.34702326100792,12,0,1,1,0,0,0,4.0
1461,16,0,0,2,6.532438114960176,17,0,0,1,1,0,0,4.0
1462,15,1,3,2,12.46628867518115,10,0,2,0,0,0,1,3.0
1463,16,1,0,2,1.126665555984796,24,1,2,0,0,0,1,4.0
1464,15,0,1,3,0.4776838263828553,3,0,3,0,1,0,0,2.0
1465,18,1,0,2,9.000484790556051,23,0,2,1,0,1,0,4.0
1466,17,0,0,2,6.6538035938534,13,0,2,1,1,0,0,3.0
1467,18,0,0,1,8.765972160663317,17,0,4,0,0,0,0,4.0
1469,15,0,2,2,3.2943549388596183,26,1,2,0,0,0,0,4.0
1470,18,1,0,0,13.782867139606754,9,0,2,1,0,0,0,2.0
1471,15,0,3,3,10.29142232535601,4,0,3,1,1,0,1,1.0
1472,18,0,1,2,4.003084224987337,22,0,2,1,1,0,0,4.0
1473,17,1,0,0,6.391788525199966,6,1,2,1,0,1,0,1.0
1474,18,0,1,2,11.83615815326652,11,1,3,1,1,0,0,2.0
1475,17,1,1,2,1.444586965449557,24,0,0,0,0,0,0,4.0
1476,18,1,2,3,2.949060185323591,2,1,3,0,1,0,1,1.0
1477,15,1,0,1,1.4649120821478023,25,1,2,1,0,0,0,4.0
1478,18,0,0,3,16.246346654282377,3,0,2,0,0,0,1,2.0
1481,18,0,2,4,14.32650686952056,14,1,3,0,1,1,0,2.0
1483,15,1,2,1,9.5398383075635,9,0,2,0,0,0,0,2.0
1484,16,1,0,2,12.8455632701423,20,0,4,0,0,1,0,4.0
1486,16,1,0,1,12.429288453135692,21,1,3,0,0,1,0,4.0
1487,17,0,1,1,15.557554110737543,15,1,2,1,0,0,0,3.0
1488,18,1,0,1,10.007167207687804,14,0,2,0,0,0,1,4.0
1489,15,1,0,1,7.150266568544739,18,0,1,1,1,0,1,4.0
1490,15,0,2,2,5.5485346960195825,28,0,2,1,0,0,0,4.0
1491,18,0,0,2,12.85604100324165,19,1,1,1,0,0,0,4.0
1492,15,0,0,1,13.856023972598177,18,0,4,1,1,0,0,3.0
1494,16,0,3,1,6.846681649219814,25,1,1,0,1,0,0,4.0
1495,15,1,1,3,15.395446147711713,11,0,1,1,0,0,0,3.0
1496,17,1,0,1,11.22711648378676,24,1,3,0,0,1,0,4.0
1497,17,0,2,4,17.656729813561583,15,0,2,0,1,1,0,3.0
1498,18,0,2,2,10.556242165912415,0,0,1,0,0,0,0,2.0
1500,18,0,1,3,11.557541628818182,1,0,2,0,0,0,0,1.0
1503,15,0,0,4,1.471267084315313,6,0,3,1,0,0,0,2.0
1504,18,0,2,0,1.0686920478203432,27,0,0,0,1,1,0,4.0
1505,17,1,1,0,18.75100674814677,0,1,4,1,0,0,0,0.0
1506,15,0,0,2,10.597512510364124,4,1,2,0,1,0,0,1.0
1507,18,1,0,1,12.298060291338722,9,1,1,1,0,0,0,2.0
1508,17,1,0,1,9.648472031894578,21,0,1,0,0,0,0,4.0
1509,18,1,0,0,1.8731490521494896,20,1,1,0,0,0,0,4.0
1510,16,1,2,0,15.36178756837333,3,1,2,1,1,0,0,0.0
1511,15,0,0,2,14.94449290177174,13,0,1,0,1,0,0,4.0
1512,16,1,0,1,6.23406642985624,12,0,2,0,0,0,1,4.0
1513,17,1,1,2,6.124784904568008,0,0,1,1,0,0,1,1.0
1514,16,0,0,2,16.75682761811037,15,1,3,0,1,0,1,3.0
1515,16,1,3,2,1.4471451548265324,22,0,3,1,1,0,0,4.0
1516,17,0,0,0,17.622102967131315,8,1,2,0,0,0,0,2.0
1517,18,1,0,2,5.1332337979182885,21,0,3,0,1,1,0,4.0
1518,16,0,0,0,11.859694955109878,15,1,4,1,0,0,0,2.0
1519,18,1,0,2,18.719883580035553,18,0,3,0,0,0,0,4.0
1520,16,0,0,3,13.56245003073293,14,0,2,0,0,0,0,3.0
1521,18,1,2,2,8.288596249340731,25,0,2,0,1,0,0,4.0
1525,16,0,2,3,19.93366555869359,20,0,2,0,0,0,0,4.0
1526,17,0,2,3,15.015804623595754,11,0,3,0,1,0,1,3.0
1527,17,1,0,1,12.894399547636352,27,0,3,0,1,0,0,4.0
1528,16,1,0,2,7.105792864386375,0,0,2,1,1,1,0,0.0
1529,16,0,0,3,0.9832165831009632,20,0,1,1,0,1,0,4.0
1531,15,0,2,2,11.083625108975976,8,1,0,0,1,0,0,3.0
1532,18,0,0,2,15.240654420781022,22,0,0,1,0,1,0,4.0
1533,15,1,0,1,10.7475838088771,18,0,2,0,0,1,0,4.0
1534,15,1,3,4,16.81570143878229,24,0,3,0,1,1,1,4.0
1535,17,1,2,1,0.6685306618644327,17,0,3,1,0,0,0,4.0
1536,16,1,3,2,7.335041528518802,27,0,4,1,1,0,0,4.0
1537,18,1,2,1,4.741407823483561,6,0,1,0,0,1,0,3.0
1539,15,1,1,2,1.4475278638824496,21,0,1,0,0,0,0,4.0
1541,17,0,0,0,4.465108021387218,20,0,2,1,0,0,0,4.0
1542,16,0,1,2,18.446155509671694,11,0,0,0,1,0,0,3.0
1544,16,0,0,1,19.71048266510436,13,1,2,0,0,0,0,3.0
1545,15,1,2,2,11.081167669204214,14,1,2,0,1,0,0,4.0
1548,18,0,0,1,14.964776123618002,20,0,1,1,1,1,0,4.0
1549,16,0,0,0,18.061013062050307,13,0,1,0,0,1,0,3.0
1550,17,0,1,1,2.7944113395790815,1,1,2,0,1,0,0,1.0
1551,15,0,0,4,1.9225170346430296,7,0,1,1,1,0,0,3.0
1552,18,0,2,3,8.491452143719112,12,0,3,0,1,0,0,3.0
1554,18,1,0,2,10.847731203808774,5,0,4,0,0,0,0,2.0
1555,15,0,1,3,10.549129274434645,4,1,1,0,1,0,0,1.0
1557,18,1,0,3,0.0157902218643757,24,0,1,0,0,0,0,4.0
1558,16,1,3,3,16.202801814909225,0,0,3,1,0,0,0,0.0
1559,18,1,2,0,1.7514912597247645,8,1,2,1,1,0,0,2.0
1561,18,1,2,4,18.29232909030383,19,0,3,0,1,0,0,4.0
1562,17,1,0,2,4.17303826316862,25,0,4,0,0,1,0,4.0
1563,17,1,3,0,13.305456724738216,29,1,3,0,0,1,0,4.0
1565,18,0,2,2,12.07510287675226,8,0,3,1,0,0,0,2.0
1568,18,0,2,4,6.024625895878164,4,0,1,0,0,0,0,3.0
1569,17,0,0,1,9.267820176092926,7,1,3,0,1,1,0,1.0
1570,17,0,0,2,11.988610840552434,6,0,1,0,0,0,0,3.0
1571,16,1,0,2,3.4254682133247916,12,1,1,1,1,1,0,2.0
1574,16,0,2,4,13.24743719825507,10,1,2,0,0,0,0,3.0
1576,16,0,1,2,13.762353184127004,25,0,0,1,0,0,0,4.0
1580,16,1,0,2,14.96750498856365,5,0,3,0,0,0,0,1.0
1581,16,0,2,2,5.240700090137491,21,0,2,0,1,0,0,4.0
1582,15,0,2,4,17.634346127907925,1,0,2,0,0,0,1,1.0
1583,18,0,0,2,17.836404228132256,27,0,2,1,1,0,1,4.0
1587,16,0,2,1,7.830741992032584,27,1,2,0,0,0,0,4.0
1588,17,0,3,1,14.266434590025446,25,0,3,1,1,0,0,4.0
1589,18,0,0,2,13.188464936998326,10,0,2,0,0,0,1,3.0
1590,15,1,0,2,12.49401338813216,0,0,3,0,0,0,0,0.0
1591,15,0,2,2,5.6508172732488715,23,0,1,0,0,0,0,4.0
1592,18,0,2,2,7.560498988688041,1,0,1,0,0,0,0,3.0
1593,15,1,1,2,2.0589228940057236,29,0,4,0,1,0,1,4.0
1594,18,1,3,1,14.38045640867202,16,0,3,0,0,0,0,4.0
1596,18,0,1,1,14.175312646913092,1,0,3,0,0,0,1,1.0
1597,15,0,2,1,4.978870495937455,5,0,4,0,0,1,1,2.0
1598,17,1,2,2,6.488764572701324,21,1,1,1,0,0,1,4.0
1600,16,1,2,0,0.514848194944324,15,1,2,0,0,1,0,4.0
1602,18,1,0,2,16.06609147036067,18,1,1,1,0,1,0,4.0
1604,16,0,2,4,10.364366312718548,12,0,0,0,0,1,0,4.0
1606,17,0,0,3,0.6164923739874051,19,0,2,0,1,0,1,4.0
1607,17,1,0,1,17.584086751707652,6,0,2,0,0,0,0,2.0
1608,18,1,2,2,0.2602042685174544,15,0,3,1,1,1,0,3.0
1609,18,1,1,3,18.895001604204236,22,1,2,0,0,0,0,4.0
1612,16,1,1,1,18.484368696853203,11,1,3,1,0,0,0,2.0
1614,16,0,2,2,11.628497897381742,23,1,0,1,0,0,1,4.0
1615,16,1,3,1,10.978650489986752,17,0,4,0,0,0,0,3.0
1616,17,0,0,3,4.3864080242276415,26,1,4,1,1,0,0,4.0
1617,15,1,1,1,8.577748627004212,27,0,2,0,1,1,1,4.0
1618,18,0,0,4,13.045280118875404,17,0,0,0,0,0,0,4.0
1619,17,1,1,4,14.54262393763855,15,0,3,1,0,1,0,3.0
1620,17,1,0,1,0.0143371741315956,19,0,3,1,0,0,0,4.0
1621,18,0,0,1,18.737068601820305,15,0,1,1,1,0,0,3.0
1622,16,0,0,3,3.290507447856248,12,0,1,1,0,1,0,4.0
1624,16,1,0,2,5.269468913876965,28,0,4,0,0,0,0,4.0
1625,15,0,2,1,0.7564027310407062,8,0,3,1,0,0,1,2.0
1626,16,0,0,2,2.4610424718064983,25,0,1,1,1,1,0,4.0
1628,16,0,2,1,6.304334747545721,8,0,3,0,0,0,0,3.0
1629,17,1,0,2,2.306021806780987,12,0,1,0,0,0,0,4.0
1631,15,1,1,0,14.389199353399436,3,1,1,0,0,0,0,1.0
1632,18,1,0,1,17.091373280652817,8,0,2,0,0,0,0,2.0
1633,15,0,0,1,5.1390459901693974,14,0,2,0,0,0,0,4.0
1634,15,0,0,1,0.4181902467046994,13,0,3,0,1,0,0,4.0
1636,16,0,1,1,1.130313815935147,11,0,4,0,0,1,0,3.0
1637,15,0,1,1,2.0678987326008302,20,1,3,1,0,0,0,4.0
1639,16,0,0,4,4.598367417232652,24,1,2,0,1,1,1,4.0
1640,18,1,0,2,10.318917570508468,5,0,2,0,1,0,0,2.0
1641,16,0,2,2,5.069875065143807,2,0,0,1,0,1,0,2.0
1642,16,0,0,2,18.810746022058954,25,0,4,0,1,0,0,4.0
1643,18,1,0,4,18.11887935852529,24,1,0,1,1,0,0,4.0
1644,15,0,0,1,11.33612210020932,21,1,2,1,0,0,0,4.0
1645,18,0,0,2,7.088479839747723,19,0,2,1,0,1,0,4.0
1646,15,1,3,2,7.622937640694712,15,0,2,1,0,1,0,3.0
1647,15,0,0,2,8.237045662889939,29,0,3,0,0,0,1,4.0
1648,15,0,1,0,14.55158644269888,19,0,2,0,0,0,0,4.0
1649,18,0,0,2,9.03277991037676,23,0,1,0,0,1,0,4.0
1651,17,0,0,2,18.88189571860729,16,1,4,1,1,0,0,3.0
1654,15,0,2,3,1.9011307366512888,7,0,2,0,0,0,0,3.0
1657,17,0,0,2,4.1240543180355775,24,0,3,1,0,0,0,4.0
1658,17,1,0,1,17.53120981577435,25,1,3,0,0,0,0,4.0
1659,18,1,0,1,3.1657251211819615,1,1,3,0,1,0,0,2.0
1660,16,0,0,4,9.11321643106184,13,0,1,1,1,1,0,3.0
1661,18,1,0,0,12.113984809197513,21,0,2,0,1,0,0,4.0
1662,17,1,0,1,13.837278163216888,11,1,0,1,0,0,0,3.0
1663,15,0,1,1,7.661387394530134,16,0,0,1,0,0,1,4.0
1664,16,0,3,2,17.381981374494572,27,0,2,1,0,0,0,4.0
1665,15,0,1,2,11.36638302155851,26,0,1,1,1,1,0,4.0
1666,15,1,0,1,8.790155608951036,14,0,3,0,0,0,0,3.0
1667,16,0,0,1,1.3448126810407324,17,1,3,1,1,0,0,4.0
1668,18,1,3,1,9.2937893689033,15,0,3,1,0,0,1,4.0
1669,15,1,0,1,16.414716816314606,12,0,3,1,1,0,0,2.0
1670,17,1,0,2,12.29082036442631,20,1,0,1,1,1,0,4.0
1672,16,1,1,1,9.880233411986111,7,0,1,0,1,0,0,3.0
1673,16,1,1,1,2.369234101889637,0,1,2,1,0,0,0,1.0
1674,16,1,0,1,0.2727969167176214,28,0,1,1,1,0,0,4.0
1676,15,0,3,4,13.95980942995585,25,0,2,0,1,1,1,4.0
1677,18,1,0,3,15.805198078833875,26,0,3,1,0,0,0,4.0
1678,18,1,1,1,5.915056692406589,2,1,3,0,0,0,0,1.0
1679,16,0,2,0,9.91307841766494,15,0,2,0,1,0,1,4.0
1680,16,1,1,1,8.422378088681633,27,0,2,1,1,1,0,4.0
1684,18,1,2,3,3.9337711646242624,8,1,3,0,1,0,0,2.0
1685,15,1,3,3,1.106647743266922,15,1,2,0,1,0,0,4.0
1688,15,0,3,1,12.545168012719564,0,0,1,0,0,0,0,2.0
1689,17,0,2,0,6.327508147753658,0,1,2,0,0,0,1,1.0
1691,16,1,0,0,3.874341015525957,17,0,2,0,0,0,1,4.0
1692,16,0,1,2,6.916571406191878,22,0,2,1,0,0,0,4.0
1693,15,1,2,1,7.156823172830665,27,0,4,1,1,0,1,4.0
1694,18,0,1,2,0.1690299212492108,22,0,1,1,0,0,0,4.0
1695,16,1,0,2,16.78415906078918,14,1,1,0,0,0,0,3.0
1696,18,1,0,1,0.6398892028864944,25,0,2,0,1,0,0,4.0
1697,17,1,1,3,18.803596694584822,29,0,3,1,0,0,0,4.0
1699,16,1,0,2,10.710438321719272,12,1,2,0,0,0,0,3.0
1700,17,1,3,2,10.871911498225842,15,0,4,0,1,1,0,2.0
1705,15,1,3,2,1.0809525469945314,16,1,3,0,1,0,0,4.0
1706,15,0,0,3,9.144608392390888,11,0,1,1,0,0,0,3.0
1707,18,1,0,1,10.9924460221207,28,0,3,0,0,0,0,4.0
1708,18,0,0,2,17.75635280671638,23,0,2,1,0,0,0,4.0
1709,18,0,0,2,2.093212678157925,23,0,3,0,0,0,0,4.0
1711,17,0,3,2,4.200946745841392,12,0,3,1,0,0,0,3.0
1714,18,0,0,3,8.00310545730798,14,0,3,0,0,0,0,3.0
1715,18,1,2,2,3.009909961451711,23,1,1,1,1,0,0,4.0
1716,18,1,0,2,10.0714014880711,20,0,4,0,0,0,0,4.0
1717,17,0,1,2,16.032851796627344,3,1,2,1,0,0,1,0.0
1718,18,1,1,0,8.830680207577938,21,1,3,0,1,0,1,4.0
1719,18,0,1,1,9.812271517963982,1,0,3,1,0,0,0,1.0
1720,18,0,0,2,16.975351705626284,27,1,0,1,0,0,1,4.0
1721,16,1,2,1,14.121162292760616,17,0,4,0,1,0,0,3.0
1722,17,1,0,1,9.809088170395697,1,0,2,0,0,0,0,1.0
1723,18,1,0,2,5.153912963783593,24,0,1,0,0,0,0,4.0
1724,15,0,2,1,17.698534936899332,14,0,3,1,1,0,1,2.0
1725,15,0,2,1,11.540408033811168,29,0,3,0,0,0,0,4.0
1727,17,1,0,1,5.382395052760208,18,0,1,1,0,0,0,4.0
1729,15,1,0,3,0.8829112417491092,25,0,0,1,1,1,0,4.0
1730,18,0,0,2,19.8418437405764,19,0,4,0,0,0,0,4.0
1731,17,1,0,1,2.6070335942958356,9,0,3,0,1,0,0,2.0
1732,15,0,0,2,15.921370507938748,27,0,2,0,1,0,0,4.0
1733,15,0,2,3,7.895506335433657,23,0,2,1,1,0,1,4.0
1735,16,1,1,1,17.613011549291556,10,1,2,1,0,0,0,2.0
1736,17,1,0,2,8.258223791784264,25,1,3,0,1,1,1,4.0
1738,15,1,2,2,0.9859932481833988,28,1,2,1,0,1,0,4.0
1739,15,1,2,2,0.046949477349063,22,0,2,0,0,0,1,4.0
1740,18,0,2,2,4.895997460034518,4,0,1,0,0,0,0,3.0
1741,17,1,3,2,13.611661858375346,8,1,3,0,0,0,0,2.0
1742,16,0,1,0,2.425297867182734,19,0,3,1,1,0,0,4.0
1743,16,1,0,2,2.2752391760909885,18,1,3,1,0,0,0,4.0
1744,15,0,1,0,8.219212160718065,12,0,0,0,0,0,0,4.0
1745,17,1,2,2,12.95674077216453,17,0,3,0,1,0,0,3.0
1746,16,1,2,1,14.24143984495861,16,0,2,1,0,0,0,4.0
1748,17,0,0,1,1.591762947440849,5,0,3,0,0,0,0,2.0
1749,15,1,0,2,18.807940678910885,9,0,3,1,1,0,1,2.0
1750,16,0,3,2,5.213327651242034,1,1,2,0,0,0,0,2.0
1751,18,0,1,1,17.066929952174476,23,0,3,0,1,0,0,4.0
1752,15,0,1,1,17.269829009256366,5,0,0,0,0,0,0,3.0
1753,16,0,0,1,15.450451835250888,27,0,3,0,0,1,0,4.0
1754,16,1,0,3,3.3766721330514016,27,1,0,0,0,0,0,4.0
1755,16,1,2,2,16.436029185084006,20,0,2,1,1,0,0,4.0
1756,16,0,1,2,15.385011184831734,12,0,1,0,0,0,0,4.0
1757,16,0,2,1,11.934459802124342,17,1,3,0,1,0,0,3.0
1759,15,0,1,3,5.250172085330882,1,0,3,1,0,0,0,1.0
1760,17,1,0,3,2.4377842416071793,28,1,3,1,0,0,0,4.0
1762,16,0,0,0,11.705217510196931,4,0,1,0,1,0,0,3.0
1763,15,0,0,1,7.186779810315745,17,0,3,0,1,0,0,4.0
1765,15,1,3,1,7.270289147385334,9,0,0,0,0,0,0,3.0
1766,17,0,0,1,12.820121146414024,10,1,1,0,1,0,0,3.0
1767,15,1,2,1,18.025184155931267,26,0,1,1,0,1,0,4.0
1768,18,0,0,1,3.2784052409388975,1,0,0,0,1,0,0,2.0
1769,18,1,0,3,7.6281761980624685,14,0,2,0,0,0,0,4.0
1770,15,0,0,2,2.8173720790172263,6,1,0,0,1,0,0,2.0
1771,15,1,0,3,12.49887540815664,8,1,2,1,0,0,0,2.0
1772,15,0,1,2,14.577410189771916,4,0,1,0,0,0,0,3.0
1773,15,0,0,1,18.63825465194912,6,1,1,0,0,1,0,2.0
1775,16,1,3,1,19.004224117308603,1,0,2,0,0,1,0,1.0
1777,15,1,2,1,12.060277267291765,1,1,2,0,1,1,1,1.0
1778,18,1,0,4,1.1426543868665997,20,1,1,1,0,0,0,4.0
1779,18,0,1,1,17.875483755238896,21,1,0,0,0,0,0,4.0
1781,15,0,0,3,13.38696701525592,18,0,4,0,1,1,0,3.0
1782,17,1,0,0,16.63147851820905,3,1,3,0,0,0,0,1.0
1783,18,0,0,2,3.006212449679375,23,0,3,1,0,1,0,4.0
1784,18,1,0,2,0.7718312387626769,19,0,4,0,0,0,1,4.0
1785,16,1,1,3,17.577622918257042,6,0,4,0,0,0,0,2.0
1786,15,0,2,4,6.29866454917865,27,0,3,0,0,1,0,4.0
1787,17,0,2,4,2.5795781585433053,21,1,3,1,0,1,1,4.0
1788,18,0,1,0,9.36922474174173,6,0,2,0,0,0,1,2.0
1789,18,0,0,3,11.966121513920376,16,1,1,0,0,0,0,4.0
1790,17,0,0,2,0.6194120684502025,18,0,2,0,0,1,0,4.0
1792,18,1,0,1,0.6559974855379203,15,0,4,0,0,0,0,4.0
1793,15,1,1,2,8.40670778390998,2,0,2,0,0,1,0,1.0
1794,18,1,1,4,17.902000581324884,14,0,3,0,0,0,1,3.0
1795,15,0,0,3,19.653048229871384,13,0,2,1,1,0,0,2.0
1796,17,1,0,2,12.740951070072551,14,0,1,0,0,0,0,4.0
1797,15,1,2,0,3.232753875691836,13,0,2,0,1,0,0,4.0
1799,15,1,0,3,10.32495646400121,24,0,2,1,0,0,0,4.0
1800,17,1,3,2,3.074986242058362,2,0,2,1,0,0,0,1.0
1801,15,0,3,2,18.434533389033227,29,0,1,0,0,0,0,4.0
1802,16,0,0,0,15.14938101446206,16,1,2,1,0,0,0,4.0
1804,15,1,1,2,14.183614075888094,14,1,2,0,1,0,0,3.0
1805,16,1,3,3,4.006796421928847,28,1,2,0,0,0,0,4.0
1807,18,0,0,1,13.7658599685451,27,1,1,1,0,1,1,4.0
1808,15,1,0,2,4.394455002207938,16,0,2,0,0,0,1,4.0
1809,16,0,1,0,8.773433936060977,16,1,2,0,1,0,0,4.0
1810,15,0,1,4,15.640036511878828,13,1,2,0,0,0,0,4.0
1812,17,0,2,2,9.065235450517193,24,0,1,0,0,1,0,4.0
1813,15,0,1,1,15.843798765504902,17,0,0,1,0,0,0,4.0
1814,18,1,2,2,16.772435923961137,24,0,2,1,0,0,0,4.0
1815,18,0,2,2,13.095515025685206,4,0,2,0,0,0,0,3.0
1816,15,0,2,2,4.568517046168403,28,0,2,0,0,1,0,4.0
1817,15,1,0,1,5.48023560771095,7,0,3,0,0,0,0,3.0
1818,17,0,1,1,6.296823108174707,6,0,3,1,0,0,0,1.0
1819,18,0,0,1,2.33608215467904,22,1,1,1,0,0,0,4.0
1821,17,1,0,0,4.190384486250642,17,0,1,0,0,1,0,4.0
1822,18,1,1,2,9.106574996172045,4,0,3,0,1,0,0,1.0
1823,16,0,0,3,18.168750957445297,15,0,3,0,1,0,0,3.0
1825,18,0,0,2,14.405358478947912,26,1,1,1,0,0,1,4.0
1827,17,0,2,0,1.9150839732671532,18,0,2,0,1,0,1,4.0
1832,15,0,0,3,5.147309168032681,18,0,3,1,0,1,0,4.0
1833,17,1,0,3,13.870196740926408,11,0,1,0,0,1,0,4.0
1834,18,1,2,1,0.7942241514449444,3,1,3,1,0,0,0,2.0
1835,15,0,0,2,16.78816075218544,15,0,1,0,0,0,0,4.0
1836,18,1,0,1,8.96341694042637,24,0,3,1,1,0,0,4.0
1838,15,1,0,3,4.424756396133674,21,1,2,1,1,1,1,4.0
1839,18,1,1,3,13.54147425316896,3,1,3,1,0,0,1,1.0
1841,17,0,0,0,9.464263737687975,7,0,1,0,1,0,0,3.0
1842,18,1,0,3,12.354538481235886,13,0,2,0,0,1,0,4.0
1843,15,1,0,2,9.126518476447972,26,0,1,1,0,1,0,4.0
1844,17,1,0,1,17.88182738515691,1,0,2,0,0,0,0,1.0
1845,15,0,0,2,9.957383610286383,10,0,1,0,1,0,1,4.0
1846,15,0,3,0,16.83617418057638,10,0,3,0,0,0,0,3.0
1848,16,0,1,2,8.21009642696713,21,0,0,1,0,1,0,4.0
1849,17,1,0,1,4.6016898371495,23,1,3,0,1,0,0,4.0
1850,16,1,0,1,8.121642651195419,5,0,2,0,0,0,0,2.0
1853,15,1,2,2,10.488726917154986,13,1,3,0,1,0,1,3.0
1854,17,1,0,3,16.12193495921495,29,0,2,0,1,1,0,4.0
1855,17,1,1,0,7.069549502567575,9,0,3,1,0,0,0,3.0
1856,15,0,0,0,12.844192740053948,25,1,1,0,0,0,0,4.0
1857,17,0,2,2,4.912631480976291,26,0,4,0,0,0,0,4.0
1858,17,0,1,3,2.1855889073631984,7,0,3,1,0,0,0,3.0
1862,15,0,0,1,17.1021884399488,7,0,1,1,0,0,0,2.0
1863,16,1,0,0,6.929385741573344,22,0,1,0,1,0,0,4.0
1864,16,1,0,2,19.46090699028322,1,0,0,1,0,0,0,1.0
1865,18,1,1,2,19.594686695477193,26,1,3,0,0,0,0,4.0
1866,15,1,0,2,5.365520409071134,15,0,2,0,0,0,0,4.0
1868,16,0,2,2,14.101265684107585,12,1,1,1,0,0,0,3.0
1869,17,1,0,1,9.019730052966874,22,0,2,0,0,0,1,4.0
1871,15,0,0,1,14.150456379560856,26,0,3,0,0,0,0,4.0
1872,18,1,0,1,0.6234981822384245,21,0,4,0,1,0,0,4.0
1874,15,1,0,3,2.7730505822660745,28,0,2,1,0,0,0,4.0
1875,16,1,0,4,2.5462375749345,16,0,2,0,1,1,0,4.0
1877,16,1,1,1,19.205327169841333,1,0,1,1,0,0,0,0.0
1878,16,1,1,1,13.86338720507692,12,0,2,1,0,0,0,3.0
1879,15,0,0,3,16.027430709272735,0,0,3,1,0,0,0,1.0
1880,15,0,0,2,7.95269971465506,25,0,0,0,0,0,0,4.0
1881,15,1,2,2,6.726254550099111,27,0,1,0,0,0,0,4.0
1882,16,0,1,2,4.689680135663399,18,0,3,0,1,0,0,4.0
1883,17,1,2,2,9.612960566248178,10,0,1,0,0,0,0,4.0
1885,18,0,2,0,12.635496873055107,0,1,2,0,0,0,0,0.0
1886,15,1,0,2,5.14237007997389,19,0,2,0,0,1,0,4.0
1887,15,1,0,3,18.973081618059812,29,1,1,1,0,0,0,4.0
1889,18,1,0,2,19.313063495328247,7,0,0,1,1,0,0,2.0
1890,15,0,0,1,0.2971224501500757,5,0,3,0,0,0,0,3.0
1891,17,0,2,4,9.622513836336912,28,1,0,0,0,0,0,4.0
1893,15,0,0,2,8.982468278605015,11,1,1,0,0,0,0,3.0
1894,15,1,0,1,11.41329157961578,0,0,1,0,0,0,0,1.0
1895,18,1,0,2,8.71178316025418,2,0,1,0,0,0,0,2.0
1896,18,1,2,1,8.2969370060319,13,0,2,0,1,0,0,3.0
1897,16,1,3,1,14.65446830826613,25,0,2,1,0,0,0,4.0
1898,18,1,0,2,13.717525501729291,7,0,1,0,1,0,0,2.0
1899,17,0,0,3,16.665425640716958,10,0,4,0,0,0,0,2.0
1900,17,1,2,1,4.999179624789911,26,1,1,0,0,0,0,4.0
1901,15,0,0,1,12.190570195081271,13,1,2,0,0,0,0,3.0
1904,17,1,0,3,9.721150838053616,2,1,3,0,0,0,0,1.0
1905,17,1,1,1,6.275642866114575,6,1,2,0,0,1,0,2.0
1908,17,0,2,1,2.1102729280240218,3,0,3,0,0,0,0,3.0
1909,17,1,0,2,13.661391503802482,24,0,1,0,0,0,0,4.0
1910,16,1,3,2,13.21454786218303,15,1,2,1,0,1,0,3.0
1912,15,0,0,1,14.593568272944824,19,0,1,1,0,1,1,4.0
1913,15,1,0,2,1.040916775122629,18,1,1,0,1,0,0,4.0
1918,18,1,0,1,19.521566649450374,23,0,2,0,0,1,1,4.0
1919,18,0,2,2,10.646087276963325,3,1,2,1,1,0,0,1.0
1920,18,0,1,1,18.106436567521797,1,0,2,0,0,1,1,0.0
1921,15,0,2,3,1.6607751562037287,25,1,0,0,0,0,1,4.0
1922,17,0,0,1,3.821037374173657,12,1,4,0,0,0,0,3.0
1923,15,0,0,3,8.815098868826357,29,0,2,0,0,0,0,4.0
1924,17,0,1,1,11.695136166746094,15,0,4,0,0,1,0,3.0
1925,15,1,0,2,16.324557037256003,21,1,0,0,1,0,0,4.0
1926,17,1,0,3,19.765242302863737,1,0,1,1,1,0,0,0.0
1927,15,0,2,1,7.777029929482328,18,0,1,0,1,0,0,4.0
1929,16,1,1,2,16.023430065906496,4,1,2,1,1,0,0,1.0
1930,15,1,0,3,12.087614381656165,24,0,3,0,1,0,0,4.0
1931,17,0,2,2,3.9708571773640338,17,0,3,0,0,0,0,4.0
1932,18,1,1,1,9.896569132428404,27,0,3,0,0,1,0,4.0
1933,15,0,2,1,14.846204910674489,22,1,3,0,0,0,0,4.0
1934,15,1,2,1,15.408235741372875,20,1,3,0,0,0,0,3.0
1936,15,0,1,1,6.104290602577183,7,0,2,1,0,0,0,3.0
1938,15,1,1,2,13.267252219129857,14,1,3,0,0,0,0,2.0
1939,16,0,1,2,8.164750386925974,12,0,2,0,0,0,0,4.0
1940,16,1,2,1,5.609264484093048,12,0,4,0,0,0,0,3.0
1941,18,1,0,1,14.622059660071242,15,1,0,0,0,0,0,4.0
1942,15,1,0,2,4.843668911875354,21,0,2,0,0,0,0,4.0
1944,15,0,2,0,10.596677779241404,12,0,1,0,0,0,1,4.0
1945,15,1,3,1,5.799747852882837,19,0,3,0,0,0,1,4.0
1946,17,1,2,3,12.5781028984723,1,0,4,0,0,0,0,1.0
1947,15,1,1,3,2.3587734974846697,2,0,3,0,0,0,0,2.0
1948,18,0,1,1,13.098822091346433,14,1,4,1,0,1,0,2.0
1950,15,1,1,2,0.0048586886902546,18,1,1,0,0,0,0,4.0
1951,17,1,1,2,2.538721153483527,12,0,2,0,1,0,0,4.0
1952,18,1,0,2,18.67230755670188,4,1,3,1,1,0,1,0.0
1953,15,1,0,2,17.347092782307158,25,1,0,1,1,0,0,4.0
1955,17,1,0,0,15.567438090909825,5,0,3,0,0,0,1,1.0
1956,17,0,0,2,12.171431863479484,13,0,4,0,0,0,1,4.0
1957,18,1,0,3,19.41809422899739,3,1,2,0,0,0,0,1.0
1958,15,0,0,2,7.472113190681182,21,0,2,0,1,1,0,4.0
1959,16,1,0,3,13.629212250343423,18,1,3,1,0,0,0,4.0
1961,15,0,3,1,7.924946936328119,6,0,1,0,1,0,0,3.0
1962,15,0,1,2,19.27635322376361,3,1,4,0,0,0,0,0.0
1964,17,0,0,4,5.757590066696892,26,0,0,0,0,0,0,4.0
1965,17,1,1,4,2.405419262572137,6,1,1,0,0,1,0,2.0
1966,15,0,0,2,14.070566803630609,2,1,2,1,0,0,0,1.0
1967,15,1,2,1,12.897120868594536,14,0,2,0,1,0,1,3.0
1968,16,0,1,2,7.478774272075492,0,0,3,0,0,0,0,1.0
1969,16,1,2,1,19.018827037316687,1,0,0,0,0,0,0,2.0
1970,17,1,0,2,0.4440562597570063,9,1,3,1,0,0,0,3.0
1971,18,1,1,3,6.074477032636516,15,0,3,1,0,1,0,3.0
1972,17,1,0,1,18.421389725991627,24,0,1,1,0,0,1,4.0
1975,18,0,0,2,10.684408198624949,23,1,1,1,0,0,0,4.0
1976,16,1,0,1,16.476034998410757,14,1,2,0,0,0,0,4.0
1977,18,0,0,2,2.062935217567221,13,0,4,1,0,0,0,3.0
1978,18,0,1,3,18.860414192914725,21,1,1,0,1,1,0,4.0
1979,18,1,0,3,15.90145762362328,13,0,2,1,0,0,0,4.0
1980,16,0,1,1,3.625005111031039,5,0,1,1,0,0,0,2.0
1981,18,1,0,3,14.240159223963254,13,1,1,0,0,0,0,3.0
1982,18,0,1,2,7.6991744527511425,16,0,2,0,0,1,0,4.0
1983,18,1,2,1,8.045893561526373,17,0,3,0,1,0,0,4.0
1986,16,1,0,3,2.5331174569438786,29,0,0,0,1,0,0,4.0
1987,18,1,0,2,8.412604737576387,16,0,3,0,1,0,0,4.0
1988,18,1,1,2,9.61883216168607,15,0,3,1,0,0,0,3.0
1990,18,1,0,2,7.2637824743245005,6,0,1,0,0,0,0,3.0
1991,16,0,0,0,1.0453733512319308,19,1,2,0,0,1,0,4.0
1992,18,0,0,1,13.710772411252464,27,0,3,1,1,0,0,4.0
1994,18,1,2,1,3.8958760528785352,8,0,2,0,1,0,0,3.0
1995,18,0,0,3,16.320670046041368,26,1,2,0,0,0,0,4.0
1996,15,0,1,1,16.051214963032557,13,0,3,0,1,0,0,4.0
1998,18,1,1,2,5.96901322295521,0,0,3,0,0,1,0,0.0
1999,18,1,0,2,12.761854515929048,9,1,3,0,0,1,0,2.0
2000,17,0,2,1,5.763042715548061,16,1,2,1,1,0,0,4.0
2001,16,1,2,0,4.720158606474241,16,1,3,1,0,1,0,4.0
2002,17,1,0,3,14.610293080526532,16,1,3,0,0,0,1,4.0
2004,15,0,3,3,1.8953694206918792,16,1,2,0,0,0,0,4.0
2009,18,1,0,4,5.776199399081792,7,0,3,1,0,0,0,2.0
2012,15,1,0,2,18.722511430802697,24,0,3,0,1,0,0,4.0
2014,17,0,2,4,7.296361926157138,21,1,2,0,0,0,0,4.0
2015,15,1,2,4,17.467829158184387,19,1,1,0,1,0,0,4.0
2016,16,1,3,1,7.899805410980649,21,1,4,1,0,0,0,4.0
2017,16,1,0,1,6.700171399153916,14,0,3,0,0,0,0,4.0
2018,17,0,0,1,4.145650450994712,19,0,1,1,0,0,0,4.0
2019,18,1,0,1,7.555936478188229,22,1,0,0,0,0,0,4.0
2020,15,0,0,3,6.333687120338521,8,1,2,1,0,0,0,2.0
2021,17,1,0,1,13.54607918596282,2,1,3,1,1,0,0,0.0
2022,15,1,0,0,5.791654093414542,2,0,1,1,0,0,0,2.0
2023,16,0,2,1,11.543994928451228,1,0,2,1,1,0,0,1.0
2024,16,0,1,4,1.317843300639454,0,1,2,0,0,1,0,0.0
2025,18,1,0,2,3.8257831339302872,13,0,3,0,0,0,0,4.0
2026,16,1,1,2,8.148105432226975,16,0,2,1,0,1,0,4.0
2029,15,0,2,3,13.281482423996682,29,0,1,0,0,0,0,4.0
2030,15,0,1,1,5.101744448427963,22,0,1,0,1,1,0,4.0
2032,18,0,0,0,1.1707320016010023,26,0,1,1,1,0,0,4.0
2036,16,0,1,2,15.215186167739,6,1,4,1,1,0,0,0.0
2037,18,1,2,3,0.3167614188974843,16,0,2,1,1,1,0,3.0
2038,17,1,1,2,11.156202514708689,17,0,3,0,1,1,1,4.0
2040,17,1,3,2,10.130999998170944,26,0,1,0,0,0,0,4.0
2041,15,0,2,1,11.256604744292058,20,0,3,0,1,1,0,4.0
2042,16,0,0,1,6.267353889145564,7,0,2,0,0,0,0,3.0
2043,17,1,2,2,5.902177203685706,27,1,2,1,1,1,0,4.0
2044,15,0,0,0,14.668036986698114,26,0,0,1,1,0,0,4.0
2045,16,0,0,1,17.425539762423142,1,0,2,1,0,0,0,1.0
2046,17,0,1,2,3.8516326491705577,0,0,3,1,0,0,0,1.0
2047,17,0,3,4,1.952375210702979,15,0,3,0,1,0,0,4.0
2048,15,0,3,2,17.955916127840517,6,0,3,1,0,0,1,2.0
2049,15,0,0,3,6.9979092729479735,21,0,3,0,0,0,0,4.0
2052,15,1,3,2,2.5160467269210263,14,1,3,1,0,0,0,3.0
2053,17,1,3,3,11.78663289895456,12,1,1,1,0,0,0,3.0
2054,17,1,1,2,10.502817035392592,29,0,1,1,0,0,0,4.0
2055,15,0,2,2,4.059871183823944,23,0,4,1,1,0,0,4.0
2057,18,1,1,2,15.938950080312916,13,0,1,1,0,0,0,4.0
2058,17,1,0,1,11.808522062157827,23,0,2,0,0,1,0,4.0
2059,16,1,0,0,1.938346541339897,5,0,3,1,0,0,0,2.0
2060,18,0,1,0,10.9604299445827,8,1,2,1,0,1,0,1.0
2061,15,1,1,3,14.054765985791738,27,0,2,0,1,0,0,4.0
2062,15,1,0,1,15.854068115615028,6,0,4,1,0,1,0,1.0
2063,17,0,3,1,12.582351572685337,17,0,3,0,0,0,0,4.0
2064,15,1,0,2,3.0531632908156747,23,0,3,1,1,0,0,4.0
2065,16,0,1,1,14.203465331803214,8,1,0,1,0,1,0,3.0
2066,17,0,1,2,13.546836921630328,22,0,1,0,0,0,0,4.0
2067,15,0,1,1,0.4885376588126644,3,0,2,0,1,0,0,1.0
2069,15,1,0,3,6.659004939247466,3,0,0,1,1,0,0,2.0
2070,15,0,0,3,13.38824128507287,11,0,1,1,0,1,0,3.0
2071,15,1,1,2,4.322716246218414,3,1,2,0,0,1,0,1.0
2073,16,1,0,1,18.26411923628345,29,1,3,0,0,0,0,4.0
2074,17,1,2,0,15.956047444172157,23,0,0,0,0,1,0,4.0
2078,15,0,0,2,12.454825527549552,23,1,2,0,1,0,0,4.0
2079,16,1,0,0,8.25678795517813,6,1,2,0,0,1,0,1.0
2080,15,0,2,2,17.197089806702436,25,0,3,1,0,0,0,4.0
2082,15,1,1,2,19.62058978230152,21,0,3,0,1,0,0,4.0
2083,15,0,2,2,12.274159390874946,7,0,3,0,0,1,0,3.0
2084,18,0,2,1,15.87074804457662,22,0,3,0,0,1,0,4.0
2085,16,0,3,3,1.7119910564553664,4,0,3,0,0,0,0,2.0
2086,15,0,1,2,3.669157695177301,11,1,2,0,0,0,0,4.0
2087,15,1,0,1,15.168073460684065,12,0,2,1,0,1,0,3.0
2088,18,1,0,1,0.4397304407864721,28,0,3,1,1,0,0,4.0
2090,16,0,1,3,0.278980373838229,13,0,3,0,0,0,0,4.0
2091,18,0,0,2,13.142376781225469,27,1,4,0,1,0,0,4.0
2092,17,0,3,1,7.301878404636117,17,0,3,0,0,0,0,4.0
2093,18,1,1,3,12.229897054383985,26,0,0,1,1,0,0,4.0
2094,17,0,1,2,13.920628139782274,23,1,2,1,0,0,0,4.0
2095,16,1,0,2,6.849504383726083,24,0,3,1,0,1,0,4.0
2097,16,1,0,1,1.3929173549653129,3,1,2,1,0,0,0,1.0
2098,16,1,0,2,11.778720451250956,20,1,3,0,0,0,0,4.0
2099,16,0,0,1,10.41310707468223,17,0,3,0,0,0,0,4.0
2100,17,0,1,4,14.84402018242265,6,0,1,0,1,1,1,1.0
2101,17,1,2,2,10.194710200078742,14,0,3,1,1,0,1,3.0
2102,16,1,2,2,8.448915800617582,20,1,2,1,0,0,0,4.0
2104,15,0,0,3,0.5289380519533493,15,1,2,0,0,0,0,4.0
2105,16,1,2,3,6.711144033933143,19,1,3,1,0,0,1,4.0
2106,18,0,2,2,19.520403150489884,23,1,3,1,1,0,0,3.0
2107,15,1,0,2,17.471111524541776,7,0,2,0,1,0,0,1.0
2108,16,1,2,2,6.587561340684354,27,0,3,1,0,0,0,4.0
2109,16,0,0,2,11.755908101327444,20,0,3,0,0,0,0,4.0
2110,17,0,2,1,16.94593491070988,15,1,3,1,0,0,0,3.0
2111,15,0,3,2,8.825486735001373,27,0,2,0,1,0,0,4.0
2113,18,0,2,3,1.4902092363728014,15,0,2,1,0,1,0,4.0
2114,17,1,1,1,10.207854426974132,2,0,3,1,1,0,0,0.0
2115,17,1,3,4,19.388787513517567,16,0,1,0,1,0,0,3.0
2116,17,0,0,2,13.864190844377354,8,0,4,0,1,1,0,1.0
2118,15,0,0,2,3.787217515837256,2,0,3,0,0,0,0,2.0
2120,16,0,0,1,16.828795199124894,28,1,2,0,0,0,0,4.0
2123,17,1,2,2,0.5667490076676929,11,0,3,1,0,0,0,4.0
2124,17,0,3,2,16.57060519163017,18,1,3,0,1,0,0,3.0
2125,16,0,0,1,15.765504163416592,15,0,3,0,0,0,0,3.0
2127,18,1,0,2,14.17353439931014,26,0,0,1,0,0,0,4.0
2128,16,0,0,3,4.297092128499962,23,0,0,0,0,0,0,4.0
2129,16,0,0,2,0.8066032210302598,16,0,3,0,0,1,0,4.0
2130,16,0,0,2,4.0227308518075455,19,1,1,1,0,0,0,4.0
2131,16,1,0,2,3.57257753508599,14,1,2,1,1,0,0,3.0
2132,16,1,0,0,6.754959934696945,0,0,2,1,0,0,0,1.0
2135,17,1,3,1,9.535077510166564,21,0,3,1,1,0,0,4.0
2136,17,1,2,2,5.413492119305787,24,0,3,0,0,0,0,4.0
2137,17,1,3,1,0.5834133714814893,1,0,2,0,1,1,0,1.0
2138,16,1,0,4,12.102032444743012,18,1,4,0,0,0,0,3.0
2140,15,1,2,2,5.973443147750994,8,1,1,0,1,0,0,3.0
2141,16,1,0,1,17.338820856610248,12,0,3,1,0,1,0,2.0
2142,15,1,0,2,14.934866155963196,5,0,3,0,0,1,0,1.0
2143,18,1,0,2,17.155310967448845,29,0,2,1,0,1,0,4.0
2144,17,0,0,2,9.89965589424922,14,0,4,1,0,1,0,3.0
2145,18,0,0,2,2.6186250425355495,18,1,4,0,1,0,0,4.0
2146,16,0,0,3,13.924428722425448,20,0,0,0,0,0,0,4.0
2147,17,1,1,0,4.121475598743505,14,0,1,1,0,0,0,4.0
2148,16,0,0,1,8.824593381834337,17,0,3,0,0,0,0,4.0
2149,17,1,0,1,1.30001577897777,6,0,2,1,0,0,0,3.0
2150,15,1,2,4,16.50616804845965,25,0,0,1,0,1,1,4.0
2151,15,0,0,1,2.5188128209500116,10,0,3,0,0,0,0,3.0
2153,18,0,2,2,17.284612045231142,5,1,2,0,0,1,0,1.0
2154,16,0,0,1,9.291655288784922,7,0,1,1,0,0,0,2.0
2155,18,0,0,1,14.887364086079812,1,0,3,0,0,1,0,1.0
2156,15,1,0,1,12.388901476363063,18,0,2,1,0,0,0,4.0
2157,16,0,0,2,16.061512846754898,15,0,1,1,1,0,0,3.0
2159,18,0,2,0,15.716169684887,9,1,2,0,1,0,0,1.0
2160,18,0,0,3,9.24913634130296,11,0,4,0,0,1,0,2.0
2161,18,0,1,4,18.819315756855875,16,0,4,1,1,0,0,3.0
2162,15,1,1,1,9.727442016502952,6,1,1,0,0,0,0,3.0
2163,16,1,0,1,9.25238543867459,21,1,3,0,0,0,0,4.0
2164,16,1,1,0,15.701437231270257,7,0,3,1,1,0,0,2.0
2165,15,0,0,2,16.43155383521676,6,0,3,0,1,0,0,1.0
2166,16,0,0,3,11.089782286423414,3,0,2,0,0,0,0,2.0
2169,17,1,0,2,19.36145005819357,14,1,1,0,0,0,0,3.0
2170,17,1,2,2,15.059723860783702,3,0,1,0,0,0,0,2.0
2171,18,1,0,0,16.223252077582643,24,0,3,1,1,0,0,4.0
2172,17,1,0,2,0.6565099763848026,8,0,4,0,0,1,0,3.0
2173,17,0,0,1,9.3571892526832,12,1,1,1,0,0,0,3.0
2174,17,1,2,1,12.932422673151107,17,0,3,0,0,0,0,4.0
2175,15,0,1,2,16.600653672561492,20,1,2,0,1,0,0,4.0
2176,17,0,1,3,0.9854730716554294,15,0,3,0,1,0,0,4.0
2177,17,1,2,2,17.048777712837463,0,1,2,0,0,0,0,1.0
2179,17,0,0,2,3.9462794115211985,17,0,1,0,0,0,1,4.0
2180,17,1,1,2,6.345104328994,7,1,2,0,0,1,1,2.0
2181,16,1,2,2,5.638591035031215,19,0,1,0,0,1,0,4.0
2182,18,0,3,3,10.617180685769515,15,0,0,0,1,1,0,4.0
2183,18,0,2,3,1.0337135982226364,20,0,3,0,1,0,0,4.0
2184,18,0,0,0,3.1707231699984706,10,1,2,0,0,1,0,3.0
2185,18,1,0,3,16.253860867515648,19,1,3,1,0,0,0,3.0
2186,18,0,0,3,2.6520798149362212,20,0,1,0,0,0,1,4.0
2187,18,1,2,2,4.667925389162539,20,1,3,0,0,0,1,4.0
2188,15,0,0,1,9.067412112083147,20,0,2,1,1,1,0,4.0
2191,17,1,0,1,8.946648533323756,22,0,0,0,1,1,0,4.0
2192,17,1,2,4,15.797292420710775,18,0,3,1,0,0,0,4.0
2193,15,0,0,0,12.366926140909149,17,0,3,0,1,0,0,3.0
2194,18,0,0,1,2.261994788476449,18,0,2,1,1,0,0,4.0
2198,17,1,0,0,14.870885392745892,19,0,3,0,0,0,1,4.0
2199,17,0,3,4,11.614742795947038,18,1,1,0,0,0,0,4.0
2201,15,0,1,1,3.4152056690077126,15,0,2,1,0,0,0,4.0
2202,16,0,1,0,4.536742046509903,4,0,2,0,0,0,0,2.0
2203,18,0,0,2,11.51002036938118,19,1,1,0,0,0,0,4.0
2204,16,0,1,3,8.46877609799585,8,1,2,1,1,1,1,2.0
2205,15,1,0,2,10.29855017721344,7,0,2,1,0,0,0,2.0
2206,16,0,1,3,3.4135487060446734,10,0,2,1,0,0,0,3.0
2207,15,1,0,0,13.258125046891315,15,0,2,0,0,0,0,4.0
2208,16,0,1,2,17.05077481711934,6,0,3,0,1,0,0,2.0
2212,18,1,0,2,6.664834811014552,20,1,2,1,0,0,1,4.0
2213,16,1,0,2,11.900926898475223,19,1,2,0,1,0,0,4.0
2214,16,0,0,2,1.803914004004887,22,0,3,1,1,0,0,4.0
2215,16,1,2,2,12.120300049588865,16,0,3,1,0,1,0,3.0
2216,15,1,0,1,1.7926354660923582,5,0,1,1,0,1,0,3.0
2219,15,0,1,3,15.763195762714128,6,1,1,0,0,0,0,1.0
2220,17,0,0,2,14.082087215432736,1,1,4,0,1,0,0,0.0
2221,15,0,0,1,11.794580721529314,29,0,3,0,1,0,0,4.0
2223,15,1,0,2,17.167467595221247,29,0,1,0,1,0,0,4.0
2225,15,0,1,2,9.980723458081629,28,0,2,0,1,0,0,4.0
2226,16,1,2,1,18.63070098310524,5,0,3,0,1,0,0,1.0
2227,17,0,2,3,11.66665819977035,28,0,1,0,0,0,0,4.0
2229,16,1,1,4,9.089654659107133,19,0,2,0,1,0,0,4.0
2230,17,1,0,2,4.185755230602397,0,0,2,1,1,0,0,1.0
2231,17,1,0,2,0.0743932163611837,28,0,3,0,0,0,0,4.0
2232,18,1,2,2,4.830124537121225,17,0,3,1,0,0,0,4.0
2234,15,1,0,2,7.599199045195051,22,0,4,0,1,1,0,4.0
2236,18,0,2,0,19.61296439128099,2,1,0,1,0,0,0,0.0
2238,18,1,1,3,9.043658787202158,23,0,4,1,1,0,0,4.0
2239,15,1,2,3,2.6703110270563912,28,0,3,0,0,0,0,4.0
2240,17,0,0,0,0.9591546487397528,12,0,3,1,0,1,0,3.0
2242,18,1,0,1,11.413663501439572,21,1,4,0,0,1,0,4.0
2243,17,1,0,3,15.2140961208779,20,0,0,0,0,0,1,4.0
2245,17,0,3,2,11.43657542365382,1,0,3,1,0,0,0,1.0
2246,18,0,0,1,5.072849486827511,8,0,0,0,1,0,0,4.0
2247,16,1,0,2,4.561236338000398,16,0,2,1,0,0,1,4.0
2248,16,0,0,1,0.2305202810597051,26,0,2,0,0,0,0,4.0
2250,18,0,3,1,6.185362229993907,12,0,0,0,0,0,0,4.0
2252,16,1,0,1,19.71716880821875,11,0,1,0,0,0,0,3.0
2253,18,1,2,2,6.172652970479014,19,0,2,0,0,1,0,4.0
2254,16,1,0,3,2.6064789340465633,19,0,3,0,0,0,1,4.0
2257,16,0,1,2,1.2808704772957702,7,0,0,1,0,0,0,4.0
2260,17,0,0,1,4.934948413347618,26,1,4,0,0,0,0,4.0
2261,17,1,2,2,9.001905371817188,2,1,3,1,1,0,0,0.0
2262,17,0,0,2,0.4426890205899414,5,0,1,1,0,0,0,3.0
2264,17,1,0,2,8.278521161051778,12,1,1,1,1,1,0,2.0
2265,16,0,0,3,5.401169322031114,11,0,2,0,0,1,0,3.0
2266,17,1,1,3,4.1367422123321695,18,0,1,1,0,0,0,4.0
2268,18,0,3,4,8.32434062064629,17,0,3,0,0,0,0,4.0
2269,15,1,1,2,3.5931857805982403,23,0,2,1,0,0,1,4.0
2270,16,1,1,1,13.78218162973648,0,0,3,1,0,0,0,0.0
2271,16,1,0,3,11.301445660733872,24,0,4,1,1,0,0,4.0
2273,17,0,1,2,2.349517977529858,6,1,3,1,0,0,0,2.0
2274,17,1,0,2,15.713332038889122,11,0,3,1,0,0,0,3.0
2278,17,1,0,1,8.830945777596607,10,1,1,0,1,1,0,2.0
2279,15,1,0,2,18.899695711116863,3,1,3,1,1,0,0,0.0
2281,16,0,2,1,12.85666781631476,5,0,4,1,1,0,0,1.0
2282,17,1,0,2,7.6396009092589185,24,0,0,0,0,0,1,4.0
2283,15,0,1,2,19.13629341181755,8,1,4,0,0,0,0,2.0
2284,15,0,0,1,6.59949790580553,19,0,2,0,0,0,0,4.0
2285,17,1,0,1,19.243718189836,9,1,3,0,1,0,0,2.0
2286,16,1,0,1,18.02971702201498,4,1,1,1,0,0,0,1.0
2287,16,0,2,3,5.407664706213127,26,0,0,0,0,0,0,4.0
2288,16,0,0,1,16.070835536528556,12,1,2,0,1,0,1,2.0
2289,18,0,2,1,19.91208403607012,8,0,3,1,0,1,1,1.0
2292,15,1,0,0,10.403614731335193,20,0,4,0,0,0,0,4.0
2293,18,1,1,1,5.898622716077286,0,0,4,0,0,0,0,0.0
2294,15,1,1,2,0.3052967929205952,23,0,0,1,0,0,0,4.0
2295,18,0,3,2,4.402584883950533,20,0,3,0,0,0,0,4.0
2296,16,1,0,1,5.638737686835169,11,1,2,0,1,0,0,3.0
2298,15,1,0,4,3.4220495682680374,1,0,2,0,1,0,0,1.0
2299,15,1,2,1,17.465087133833453,27,0,2,1,0,0,0,4.0
2301,17,0,2,1,1.7040095511932396,1,1,2,0,0,0,0,2.0
2302,18,1,0,2,13.001849022798629,22,0,2,1,1,0,1,4.0
2303,17,1,0,2,13.073129528112409,23,0,3,1,1,1,0,4.0
2304,16,0,0,1,19.124423472872554,29,1,3,1,1,0,0,4.0
2305,16,1,3,2,0.0604174271232249,21,0,2,0,0,0,1,4.0
2306,17,0,1,0,4.958648996116144,13,0,1,1,0,0,0,4.0
2307,18,1,3,2,18.55582958750631,10,0,3,0,1,0,0,2.0
2308,18,0,0,2,18.64267830796566,22,0,3,1,0,0,0,4.0
2309,15,0,1,1,14.411728387412747,10,1,3,1,0,0,0,2.0
2310,18,1,1,2,15.3152664209508,16,0,2,0,1,0,0,4.0
2311,17,1,0,1,1.8296591585929425,3,0,1,0,0,0,0,2.0
2313,15,0,3,0,4.6316598257799875,6,1,2,0,0,1,0,2.0
2314,15,0,2,3,3.6243608722723457,15,1,4,0,0,1,0,3.0
2316,18,1,0,3,2.7007627336109485,12,0,1,0,0,0,0,4.0
2317,16,0,0,1,9.373032739927703,0,0,2,0,1,1,1,1.0
2318,18,0,3,2,18.77156479172066,10,1,3,0,0,0,0,2.0
2322,17,1,1,1,11.112343093648056,11,0,3,0,0,0,0,3.0
2325,15,1,0,1,8.489856653530703,25,1,4,1,0,0,0,4.0
2326,15,1,0,3,6.186484487164458,25,0,4,0,1,0,0,4.0
2327,15,1,0,4,5.612711597530316,11,0,3,1,0,0,0,3.0
2328,15,1,0,1,19.44459418432715,29,1,4,1,0,1,0,4.0
2330,15,0,2,2,14.666558174337244,27,1,2,1,0,0,0,4.0
2331,16,1,3,1,0.0082057887834974,26,0,2,1,0,0,0,4.0
2333,17,0,0,2,18.31886007908105,18,0,2,1,0,0,0,4.0
2334,18,1,3,4,5.75868188186438,4,0,2,1,1,0,1,1.0
2335,18,1,0,1,3.710519505154384,25,0,3,1,0,0,0,4.0
2336,16,1,0,2,13.03359589756854,4,0,3,0,0,0,1,1.0
2338,16,0,1,1,13.760610379039626,26,0,2,1,0,0,0,4.0
2339,16,1,0,0,6.386337600427481,27,0,1,0,0,0,0,4.0
2341,17,0,0,3,19.11837599924088,26,0,3,0,1,1,0,4.0
2345,17,0,1,1,9.04646955268592,20,1,3,0,0,0,0,4.0
2346,17,0,2,1,8.487780361450207,0,0,3,0,0,0,0,1.0
2347,17,0,2,1,3.135258951985893,21,1,3,0,1,0,1,4.0
2350,15,1,2,0,0.4500865485737293,25,0,1,1,0,0,0,4.0
2353,17,0,0,2,13.600921127485396,22,0,1,0,1,0,0,4.0
2354,16,0,0,3,12.7031397772787,16,1,1,0,0,0,1,4.0
2357,18,0,0,2,11.140951723844683,24,0,3,0,0,0,1,4.0
2359,18,0,2,1,10.826707654025345,0,0,3,0,1,1,0,0.0
2360,17,0,3,3,6.477911051607583,24,1,0,0,0,0,0,4.0
2363,15,1,0,2,9.41524784775206,5,1,1,0,0,0,0,1.0
2364,16,0,0,2,17.562303939714027,22,0,3,0,0,0,0,4.0
2365,18,0,0,2,11.717042448663369,19,1,2,0,0,0,0,4.0
2366,16,1,0,3,13.483842332300016,29,1,4,1,0,0,0,4.0
2368,16,0,2,2,13.183110892002688,21,0,3,0,1,0,0,4.0
2370,16,1,2,0,10.27266767857302,10,1,1,0,1,0,1,2.0
2371,17,0,1,1,16.060910493517596,5,1,1,1,0,0,0,2.0
2372,17,1,0,0,7.473005927459684,10,1,2,0,1,0,0,3.0
2373,18,0,0,2,7.762429135369942,12,1,1,1,0,0,0,4.0
2376,15,0,0,3,1.8207262989088344,1,1,3,0,1,1,0,0.0
2377,18,0,0,1,12.964183548971118,20,0,0,1,1,0,0,4.0
2378,15,1,0,1,8.263889576055954,2,0,1,1,0,0,0,2.0
2379,16,1,1,1,8.112387805108847,22,0,2,1,0,0,0,4.0
2380,16,1,3,1,13.59103673145368,3,1,2,0,1,0,1,1.0
2381,16,1,0,1,1.3418746525975744,16,0,1,0,1,0,0,4.0
2382,18,1,2,2,11.874115659028693,27,0,4,0,1,0,0,4.0
2383,17,0,1,2,15.440635719447096,27,0,2,0,1,0,0,4.0
2384,18,1,3,4,16.564255157731886,21,0,2,0,1,1,0,4.0
2385,15,0,2,0,3.410607787875506,5,0,0,0,0,0,0,2.0
2386,18,0,1,1,17.948381001563472,6,0,2,0,0,1,1,2.0
2387,15,0,1,0,13.122921836948844,14,0,3,0,0,0,0,3.0
2388,18,1,2,2,17.637096016413658,10,0,1,1,0,1,0,2.0
2389,17,1,0,0,9.705614342203964,23,0,2,0,0,0,0,4.0
2390,15,0,0,3,10.84066690194404,2,0,0,1,0,0,0,2.0
2392,16,1,2,2,17.998190867093435,5,0,0,1,0,0,0,1.0
2393,18,1,2,2,8.96321746738004,25,0,3,0,0,0,1,4.0
2394,16,1,0,1,5.488252632713635,1,0,2,0,0,0,0,2.0
2396,16,0,0,1,7.755286570594995,13,0,3,0,0,0,1,4.0
2397,17,1,0,2,5.7373374996558795,8,0,1,1,1,0,0,2.0
2401,17,0,1,0,13.552223641991883,12,0,3,1,0,0,0,2.0
2402,17,0,2,3,3.456401029129046,25,0,0,0,0,0,0,4.0
2403,15,0,0,2,6.890117867881265,11,0,3,1,0,0,0,4.0
2404,16,1,1,1,1.2308606826967372,11,0,2,1,0,1,0,3.0
2405,16,0,1,1,5.399472737109241,17,1,1,0,0,1,0,4.0
2408,15,0,1,2,4.430543038047341,20,0,2,1,1,0,0,4.0
2409,17,1,0,2,9.270956785178438,15,0,2,1,1,0,1,4.0
2411,18,1,2,2,17.471506115194686,20,1,3,0,0,0,0,3.0
2416,18,1,0,0,0.1907790805108988,1,1,1,1,1,0,0,1.0
2418,17,1,0,2,18.144863345541573,11,0,3,0,0,0,0,3.0
2419,15,1,1,3,14.806260616879028,20,0,4,0,0,0,0,4.0
2420,15,0,0,2,10.856827486681492,0,0,3,1,0,1,0,0.0
2422,15,0,1,3,6.955401952088756,12,0,3,1,1,0,0,2.0
2424,17,1,1,1,13.107663989269064,20,1,1,0,0,0,0,4.0
2425,18,0,0,2,8.36726076857586,16,0,4,1,0,1,0,4.0
2426,16,1,2,0,14.28306292784348,13,1,1,0,0,0,0,4.0
2427,17,0,2,2,17.224644545207717,13,0,2,1,1,0,0,2.0
2429,16,0,0,2,9.030940456348487,16,0,3,0,0,1,0,4.0
2431,15,1,2,2,13.74929608099456,25,0,0,0,1,0,1,4.0
2432,15,0,0,3,4.997349305158587,27,0,2,1,0,0,0,4.0
2433,16,0,0,1,12.805018299045525,6,0,2,0,0,0,1,2.0
2434,18,1,0,1,17.54978483462976,25,1,2,1,0,0,0,4.0
2435,18,1,0,1,8.362631995872453,25,0,2,0,0,0,0,4.0
2436,16,0,0,1,18.2203139995844,0,0,4,0,0,0,0,0.0
2437,16,0,2,2,19.86327477866957,24,0,1,0,1,1,0,4.0
2440,17,1,2,1,19.007595029641863,20,0,1,1,0,0,0,4.0
2442,16,1,0,2,1.95414550773517,29,1,4,0,0,0,0,4.0
2444,17,1,0,4,3.222000465128445,25,0,1,0,0,0,1,4.0
2445,17,0,3,2,19.92025566764497,12,1,3,0,0,0,0,2.0
2446,15,1,0,1,3.5999923322137373,23,0,1,1,0,0,0,4.0
2447,18,0,3,2,10.050952134440465,29,0,3,0,1,1,0,4.0
2448,18,1,1,3,16.96835452861022,1,1,0,0,1,0,0,1.0
2449,16,1,1,2,0.4080322137641268,18,0,3,1,0,0,0,4.0
2454,17,1,1,2,13.735114405638178,17,0,2,0,0,0,0,4.0
2457,16,0,2,3,0.6959839973670023,11,0,2,1,1,0,0,4.0
2458,18,0,0,0,8.184991475707946,19,0,2,0,0,0,1,4.0
2461,15,0,1,2,16.007283769106905,29,1,0,0,1,1,0,4.0
2462,15,0,3,2,9.14047904385251,5,1,3,0,0,0,0,2.0
2463,15,1,1,1,12.13024450646438,25,0,3,0,0,1,0,4.0
2465,17,1,0,2,16.543162968552465,8,1,1,1,0,0,0,2.0
2466,16,0,1,0,8.50004828246395,29,0,2,1,1,0,0,4.0
2467,16,1,0,2,5.5089335958101815,24,0,3,1,1,0,0,4.0
2468,16,0,2,1,5.30069836281095,25,0,3,1,1,0,1,4.0
2470,15,1,1,0,8.98296405464425,16,0,1,0,0,0,0,4.0
2471,15,0,0,2,8.802415419698724,1,1,1,1,0,1,0,1.0
2472,16,1,0,2,1.8227467817941445,15,1,1,0,0,0,0,4.0
2473,15,1,0,2,14.372074813803913,23,0,4,1,1,0,0,3.0
2474,16,1,0,2,4.274733759638214,13,0,1,0,0,0,0,4.0
2475,18,1,0,3,3.9390726041744273,25,0,2,0,0,1,0,4.0
2476,18,1,1,1,8.255166405547868,7,0,2,0,0,0,1,3.0
2478,18,1,0,3,11.677165346160308,1,1,2,0,0,0,0,1.0
2480,18,0,0,4,8.978234451855801,3,0,2,0,1,0,0,2.0
2481,17,0,0,3,10.743386432080577,0,0,1,1,0,0,1,1.0
2482,15,1,2,2,4.070710449636097,22,0,2,0,0,0,0,4.0
2483,16,1,0,4,3.115032457310596,19,0,3,0,1,0,0,4.0
2484,15,0,0,0,17.608438057472096,26,0,4,0,0,0,0,4.0
2485,17,0,0,1,8.674474056628421,13,1,3,0,0,1,0,3.0
2486,17,0,2,2,8.241872192650783,7,1,3,0,0,0,0,2.0
2487,17,1,1,1,0.7122430054568296,24,1,2,1,0,0,0,4.0
2488,15,0,0,3,9.959526051747863,27,1,3,0,0,0,1,4.0
2489,15,1,1,0,11.083394432220002,24,0,4,0,0,0,0,4.0
2490,15,1,2,2,11.17681741909333,2,0,2,0,1,0,0,1.0
2491,15,0,3,2,14.140623386457689,4,0,0,0,0,0,0,2.0
2492,17,1,0,2,3.5496366998202356,5,0,4,0,0,0,0,2.0
2493,17,1,2,1,5.044462684612377,21,0,3,0,0,0,0,4.0
2495,16,1,3,3,18.94341233686788,7,0,4,0,1,1,0,1.0
2496,15,0,1,1,2.7186549473464128,5,0,2,0,0,1,0,3.0
2497,18,0,1,3,9.952991090104364,5,0,2,1,0,0,0,2.0
2498,18,1,0,2,4.2835250547917365,3,0,3,0,1,1,0,1.0
2499,17,1,2,2,1.2014633670996488,6,0,1,0,0,0,0,3.0
2501,17,1,1,1,2.873752503684255,29,0,1,0,0,0,0,4.0
2502,16,0,0,2,14.198661468684923,23,1,1,0,0,0,0,4.0
2504,17,1,2,2,2.8766894198062176,6,0,2,0,0,0,0,3.0
2506,17,0,2,2,16.163140980484254,7,1,4,0,0,0,0,1.0
2507,18,0,1,1,3.5238881232849506,0,0,2,1,0,0,0,2.0
2508,16,0,2,1,12.12433284441532,0,1,1,1,0,1,0,0.0
2509,18,1,0,4,6.738438261534911,13,1,2,0,1,0,0,3.0
2510,18,0,0,1,11.709718766300712,5,1,3,0,0,0,0,2.0
2512,17,0,0,3,1.7387912138450834,24,0,1,1,0,0,0,4.0
2513,15,0,2,1,4.459000171155072,27,0,1,0,0,0,0,4.0
2515,18,0,1,2,8.560387048792876,3,0,2,0,0,0,1,2.0
2516,16,0,0,1,13.165675668523146,5,1,3,0,0,1,0,1.0
2517,17,0,1,2,5.276121498927151,15,1,4,1,0,0,0,3.0
2518,17,0,0,2,0.241398706012359,27,0,1,1,1,1,0,4.0
2519,18,1,0,2,10.378747285295136,20,0,3,0,1,1,1,4.0
2520,15,1,0,2,12.11518978717944,27,1,4,0,1,1,0,4.0
2521,16,0,0,1,19.257409880036192,0,0,4,0,0,0,0,0.0
2523,15,0,3,1,9.423451187562836,8,0,3,1,1,0,0,2.0
2524,15,1,0,1,11.468032517954075,14,1,2,0,0,0,1,3.0
2525,15,1,2,2,18.55801259724054,11,0,2,0,1,0,1,3.0
2526,17,1,0,3,16.567562912032926,2,1,2,1,0,0,0,1.0
2527,17,1,1,1,6.45957466727616,10,0,3,0,0,1,0,3.0
2528,15,0,2,2,4.745087273142746,14,0,2,0,0,0,0,3.0
2529,16,0,3,2,5.252672247321472,2,0,1,0,0,0,0,2.0
2530,18,0,0,1,10.08842079430426,13,0,1,0,0,0,0,4.0
2531,16,1,2,1,14.880989024571557,1,0,3,0,0,1,0,1.0
2533,16,1,3,2,1.3559279165622518,3,1,2,0,0,1,1,2.0
2534,15,1,0,2,14.471614008799618,25,0,1,0,0,0,0,4.0
2537,15,0,1,2,13.282514785667008,1,1,2,0,0,0,0,1.0
2538,16,1,0,2,8.531838021087868,16,1,2,0,0,0,1,4.0
2539,16,1,3,2,17.782387114548857,2,0,4,0,0,0,0,1.0
2541,17,0,1,0,10.508639966192844,15,1,2,0,0,0,1,3.0
2542,17,1,0,1,13.83011091627189,21,1,3,0,1,0,0,4.0
2543,18,0,0,4,17.66699402044208,8,1,2,0,1,0,1,2.0
2544,15,1,1,2,9.91434020156551,10,0,1,0,0,0,0,3.0
2545,18,1,0,2,6.265014809776439,20,0,2,1,0,0,0,4.0
2546,18,0,0,0,15.073322758191626,14,0,4,1,0,0,0,2.0
2547,18,0,0,0,4.401325095693835,2,1,2,0,0,1,1,1.0
2548,17,0,0,2,7.770622960120841,15,0,3,0,1,0,0,3.0
2549,15,0,2,2,17.314544742135872,29,0,4,0,1,0,0,4.0
2550,18,1,2,2,14.4884468053863,20,0,3,0,0,0,1,4.0
2553,17,0,0,1,7.119367816644731,27,1,4,0,1,0,0,4.0
2554,18,1,0,1,5.68208298454866,11,1,4,1,0,0,0,3.0
2555,18,0,1,2,3.5217857588770785,22,0,4,0,0,0,0,4.0
2556,15,0,1,1,14.866658271313131,4,0,3,0,0,0,1,2.0
2558,17,0,0,2,9.083349403355276,8,0,1,1,1,0,0,1.0
2559,17,0,0,2,7.717188936722181,20,1,2,1,1,0,0,4.0
2560,17,0,2,3,19.641547572712614,17,0,4,1,1,1,0,3.0
2563,18,1,0,1,1.7965150514416806,11,1,2,0,0,0,1,4.0
2566,17,0,0,2,8.3751798096531,9,0,3,0,0,0,0,2.0
2567,15,0,0,0,8.636873846240594,18,0,2,1,0,0,0,4.0
2569,17,0,1,0,10.330930207785244,24,0,2,0,0,0,0,4.0
2570,16,1,0,2,10.094789507607034,23,0,1,0,1,0,0,4.0
2571,16,0,0,3,2.9909863711388907,7,0,4,0,0,0,0,3.0
2572,18,0,1,4,2.0767877222185516,23,0,2,0,0,0,0,4.0
2573,16,1,0,2,2.47144981198981,23,0,4,0,0,0,0,4.0
2574,16,1,2,2,2.0205649298251704,23,0,1,0,1,0,0,4.0
2575,18,0,0,3,12.194163910735195,0,0,1,0,0,0,0,2.0
2576,17,1,0,2,3.929653048058373,5,0,3,0,0,0,0,3.0
2577,17,1,1,0,5.0286030437492695,11,0,3,0,1,0,1,3.0
2578,16,1,0,2,3.4714428830287947,24,0,2,0,0,1,0,4.0
2579,16,1,3,1,19.15670608897006,23,0,1,0,0,1,0,4.0
2581,18,0,0,2,4.609896747030417,26,0,3,1,0,0,0,4.0
2583,15,1,0,1,4.197856846099944,1,1,2,0,0,0,0,2.0
2584,18,0,3,1,9.837519189216476,10,1,3,0,0,0,1,3.0
2585,16,0,0,2,0.3922106494850719,17,0,0,0,0,0,0,4.0
2586,16,1,1,3,13.427360177935912,22,0,1,1,1,0,0,4.0
2587,15,0,0,2,10.463162996352832,27,1,0,1,0,0,0,4.0
2589,17,1,2,3,3.287853686568283,10,0,2,1,0,1,0,3.0
2591,18,1,0,1,15.839220289334314,7,0,1,0,1,0,0,1.0
2592,17,1,0,0,2.5436237843377385,14,0,3,0,1,0,0,3.0
2594,18,1,3,3,3.403052822890338,14,0,2,0,0,0,0,4.0
2595,18,1,0,4,5.0944100091509785,6,1,3,0,0,0,0,2.0
2596,18,0,0,3,5.264923496610887,19,0,3,1,0,0,0,4.0
2598,15,1,2,2,8.22821863520931,12,0,3,0,0,0,1,3.0
2599,18,1,0,0,18.954656080126107,0,0,1,1,0,1,0,1.0
2600,15,0,0,1,2.527402838940102,19,0,2,0,0,0,0,4.0
2601,18,1,2,2,19.473842697003978,3,0,2,0,0,0,0,1.0
2602,17,0,0,2,4.612772804285279,23,0,3,0,0,1,0,4.0
2603,16,1,0,2,15.457478727637062,3,0,1,0,1,1,0,1.0
2604,15,1,0,2,6.779398523456428,3,1,4,0,0,0,0,0.0
2605,18,1,0,1,2.861627908346278,12,0,2,1,0,0,1,3.0
2606,17,1,0,2,17.1577837049248,1,0,3,0,0,1,1,1.0
2607,16,1,1,0,6.177217984729264,27,0,1,0,1,0,0,4.0
2609,16,1,1,2,11.328873701732531,22,0,3,1,0,0,0,4.0
2610,17,0,2,2,9.435126187817486,14,0,2,1,0,0,0,3.0
2611,15,0,2,4,9.91638945297078,3,0,4,1,0,0,0,1.0
2612,16,0,0,1,14.644758281845752,26,0,3,0,1,0,0,4.0
2613,18,1,0,2,1.7554582824688114,5,1,2,1,0,0,0,2.0
2615,16,1,0,2,17.916242027971574,6,0,3,1,0,1,0,1.0
2616,17,1,0,3,1.155763940397283,5,0,3,0,0,0,1,4.0
2617,17,1,1,2,2.813066784673335,2,1,1,0,0,0,0,1.0
2620,15,0,0,3,8.070972416273767,29,1,3,1,1,0,0,4.0
2623,16,0,1,1,2.530906223927545,29,0,2,0,0,0,0,4.0
2625,16,1,2,2,15.272305979233137,28,1,3,0,0,0,0,4.0
2626,17,0,2,3,5.16528715774327,19,1,3,0,0,0,0,4.0
2627,15,0,0,0,9.615723363594546,26,1,2,1,0,0,0,4.0
2628,15,1,0,1,19.840319387936713,10,1,3,0,1,1,1,1.0
2629,17,1,0,3,13.733008467080746,6,0,2,1,1,0,0,2.0
2632,17,1,2,2,15.357218462517109,4,0,2,0,0,0,0,2.0
2633,18,1,1,1,0.8101834588264367,3,0,3,0,1,1,0,1.0
2634,17,0,2,3,2.4582236508448996,3,0,1,0,0,1,0,2.0
2636,17,0,0,2,8.03903849230439,12,0,2,0,1,1,0,3.0
2637,15,1,2,4,16.914897566515265,15,0,1,1,0,0,0,4.0
2638,15,1,0,2,6.92532101575861,24,0,1,0,1,0,1,4.0
2640,16,0,0,1,14.186285896069668,10,0,4,1,1,1,0,1.0
2641,18,0,0,2,11.723647081766828,28,0,3,0,0,1,1,4.0
2642,15,1,3,1,7.144839363402724,1,0,2,0,0,0,0,2.0
2643,15,0,0,3,11.541066834270886,21,0,3,1,1,0,1,4.0
2645,15,1,3,1,1.6774747710402416,23,0,2,1,0,0,0,4.0
2646,17,1,2,2,19.85607956372029,23,1,1,1,0,0,0,4.0
2649,15,1,2,3,17.57061498414312,25,0,1,0,0,0,1,4.0
2652,16,1,1,2,6.580114593244657,6,0,0,0,0,0,0,3.0
2653,16,0,0,2,7.829085415889423,28,0,3,0,1,0,0,4.0
2655,16,1,0,1,6.860880115860204,25,0,2,0,1,0,0,4.0
2656,17,1,1,2,8.214008011730861,5,0,1,0,0,0,0,3.0
2660,18,1,1,0,0.8376078767755102,23,0,0,1,0,0,0,4.0
2661,17,0,2,2,10.061366452640565,7,1,3,1,0,0,0,2.0
2662,17,0,1,2,11.684495776634362,29,0,1,1,0,0,1,4.0
2663,18,1,2,4,18.40393972148548,26,0,1,0,0,1,0,4.0
2665,17,1,2,0,11.46999169870432,26,0,2,0,0,0,1,4.0
2666,16,0,0,2,17.07259857055914,24,1,0,0,0,0,0,4.0
2667,18,0,2,3,4.838554562384731,23,0,2,0,0,0,1,4.0
2668,15,0,3,4,17.52584697047875,13,0,3,0,0,1,0,3.0
2669,17,1,0,2,0.3808681854858364,8,0,1,0,0,0,1,4.0
2670,18,0,0,1,14.649092582674594,14,1,2,0,0,0,0,3.0
2672,15,0,0,1,13.143953232801245,21,0,2,0,1,0,0,4.0
2674,15,0,0,2,0.8976203294543605,11,0,2,0,0,0,0,4.0
2675,15,0,0,0,18.402276266452574,22,0,0,0,1,0,0,4.0
2676,15,0,3,1,9.405924453831496,18,0,2,0,0,1,0,4.0
2677,17,1,1,1,0.5799348867189602,12,0,1,0,0,0,0,4.0
2678,17,1,2,2,13.796421426575238,6,0,3,0,1,1,0,2.0
2679,16,0,0,3,9.636745071525164,24,0,0,0,0,0,0,4.0
2680,16,0,1,1,2.4869063488482146,9,0,1,1,1,0,1,2.0
2681,18,0,1,3,4.2854361862051915,29,1,2,0,1,0,0,4.0
2683,15,1,1,2,11.485870794171472,1,0,2,0,1,0,0,1.0
2684,15,0,1,0,12.440589585040184,13,1,1,0,1,0,0,4.0
2685,17,1,0,3,10.114845967108888,12,0,4,1,0,1,0,3.0
2686,15,0,0,2,16.3420426600523,21,1,1,0,1,0,0,4.0
2687,18,1,2,2,17.220176426160272,28,0,4,0,0,0,0,4.0
2688,15,0,0,3,12.312487933662531,5,0,2,0,0,1,0,2.0
2690,18,1,0,4,13.904593114954713,12,0,1,0,0,0,1,4.0
2691,16,0,1,2,8.359984338407031,8,1,3,1,0,1,0,2.0
2692,16,0,2,3,11.31114966452774,12,1,2,0,0,0,1,4.0
2694,17,1,0,1,7.004732286541535,13,0,3,1,0,1,0,3.0
2696,18,0,1,1,2.679497334995624,8,0,2,0,0,1,0,4.0
2697,15,1,2,2,13.430236145620748,7,1,0,0,0,1,1,2.0
2698,17,1,0,2,0.0871915991316085,6,0,1,0,1,0,0,3.0
2699,15,1,2,2,18.493022108103617,7,0,2,0,0,0,0,2.0
2700,18,0,0,0,2.25008266476183,21,0,0,0,0,0,0,4.0
2702,16,0,3,2,6.660152661044885,22,0,1,0,0,0,0,4.0
2703,17,1,0,4,7.471325720781612,23,0,1,0,0,0,0,4.0
2704,17,0,0,1,4.286001446457572,14,1,2,1,1,1,0,3.0
2705,17,0,0,2,11.702433218542494,7,0,2,0,1,1,0,2.0
2707,17,1,0,2,0.6835117808217483,6,0,2,1,0,0,0,2.0
2708,16,1,0,1,6.393041245106012,18,0,4,1,0,0,0,4.0
2709,18,1,1,2,16.20865827146341,1,0,3,1,0,0,0,0.0
2710,16,1,0,1,13.794030697237371,13,0,4,0,0,1,1,4.0
2712,15,1,0,1,13.962338481670471,29,1,3,0,0,0,0,4.0
2713,15,0,0,1,6.219460427660666,14,0,2,0,0,1,0,4.0
2714,15,0,1,0,1.9932784415355176,13,0,1,0,1,1,0,4.0
2716,18,1,0,2,16.635706003703184,24,1,4,0,1,0,0,4.0
2717,18,1,2,1,19.609415955661422,18,0,4,0,0,1,1,4.0
2718,17,0,1,0,9.876940294831227,29,0,3,1,0,0,1,4.0
2719,16,1,1,2,0.1940070984608444,18,0,3,0,0,0,0,4.0
2722,17,1,0,3,11.571706971858994,25,0,3,1,0,0,0,4.0
2723,17,1,1,2,1.5018729161062794,16,0,2,1,0,0,0,4.0
2724,16,0,0,3,18.867145974197634,21,1,2,1,0,0,0,4.0
2726,16,0,0,2,18.251684358496465,18,1,2,1,0,0,0,4.0
2727,18,1,0,0,15.610436055140436,26,0,3,0,0,0,0,4.0
2728,15,1,2,2,15.108745450311623,15,0,2,0,0,0,0,4.0
2731,16,1,1,2,12.760064704324964,18,0,1,0,0,0,0,4.0
2732,17,1,3,1,12.57442774051164,0,1,3,1,0,0,0,0.0
2733,17,1,2,3,11.074564627967224,18,0,3,0,0,0,0,4.0
2736,18,0,3,1,15.538927767850424,22,0,2,0,0,0,0,4.0
2737,15,1,0,1,17.449256301673483,10,0,4,0,0,0,1,3.0
2738,17,0,0,1,4.312795254516983,4,0,3,1,1,0,0,1.0
2739,17,0,0,2,1.6760831819012156,29,0,1,1,0,0,0,4.0
2740,17,0,0,1,9.657888731971973,16,0,2,1,1,0,0,4.0
2741,18,1,1,0,10.281613912385463,10,0,3,1,0,0,0,2.0
2743,16,0,1,0,8.875671585646714,25,0,3,1,0,0,0,4.0
2744,17,0,0,3,11.417060510886255,7,0,1,0,0,0,0,3.0
2745,16,1,2,1,10.541418770269166,9,0,3,0,0,0,0,2.0
2746,16,1,0,3,0.7640556751478211,11,0,3,0,0,0,0,4.0
2747,18,0,1,2,12.30429793193828,9,0,3,0,0,0,0,2.0
2748,15,1,1,3,16.560865715485043,12,0,2,0,0,0,0,3.0
2750,17,1,0,0,11.886634678531916,17,1,3,0,0,1,0,4.0
2751,18,1,0,0,11.872210888928286,9,0,3,1,0,0,0,2.0
2752,18,0,2,1,3.283699281127175,18,0,2,0,0,0,0,4.0
2753,16,1,3,2,2.4692714746147204,19,0,1,0,0,0,1,4.0
2755,15,0,0,2,7.874383393060751,19,0,2,0,0,0,0,4.0
2756,18,0,0,2,4.548434574470585,15,0,2,1,0,0,0,4.0
2757,15,1,2,1,3.426490889087499,4,0,2,1,0,0,0,2.0
2758,15,1,2,3,13.3520342716647,2,0,2,0,0,1,0,1.0
2759,17,1,0,4,12.188905946545576,29,0,3,0,0,0,0,4.0
2760,17,1,0,1,12.871042459748349,26,0,1,0,1,0,0,4.0
2762,17,0,0,0,17.87069166996874,25,0,3,0,0,0,0,4.0
2763,17,0,0,2,7.785327936180966,1,0,2,0,1,0,1,1.0
2764,17,1,0,2,6.267388128607159,12,1,2,0,0,0,1,3.0
2765,15,1,1,1,9.247228944954784,21,1,2,0,1,0,0,4.0
2767,16,1,3,1,17.27154006278292,22,0,1,1,0,0,0,4.0
2768,15,0,1,2,18.58521950395784,26,0,2,0,0,0,0,4.0
2771,17,0,1,2,15.630462590661342,3,0,0,1,0,0,0,2.0
2772,17,1,0,2,18.616153446895236,18,0,3,0,0,0,0,4.0
2773,15,1,1,1,4.915006243717757,21,0,2,0,0,0,0,4.0
2775,17,1,0,2,5.490891694808893,8,1,3,0,0,0,1,3.0
2777,16,0,0,1,0.1064838114212851,14,0,4,0,0,0,0,4.0
2778,17,1,0,1,11.29638325772792,27,0,2,0,1,0,0,4.0
2782,18,0,1,1,17.02968898627988,8,0,3,0,0,0,0,2.0
2783,18,1,2,2,12.183907827866523,13,1,4,1,0,1,0,2.0
2784,16,0,3,2,17.06345957293445,22,0,3,0,0,0,0,4.0
2785,17,0,1,1,5.291942237620599,20,1,3,1,0,1,0,4.0
2786,18,0,2,2,10.390037095299622,15,1,4,0,1,0,1,3.0
2787,18,1,0,2,9.01073078134152,23,0,1,0,0,0,0,4.0
2789,15,0,0,0,11.136242862814802,24,1,0,0,0,0,0,4.0
2790,16,0,1,3,13.230486482923498,25,0,3,1,0,0,0,4.0
2793,17,1,0,3,11.42679056906154,8,0,4,0,0,0,1,2.0
2794,17,1,1,1,1.3350050970151384,14,0,3,0,0,0,0,4.0
2795,18,1,0,1,2.3289104816942285,6,0,2,0,0,0,0,3.0
2796,16,1,1,2,11.929491550879048,0,0,1,0,0,0,0,2.0
2797,17,1,1,3,5.499583839472804,0,0,4,0,1,0,0,1.0
2800,15,0,2,0,11.086451961673108,8,0,2,1,1,0,0,2.0
2802,15,0,2,2,14.40867404451556,5,0,3,1,0,0,0,1.0
2803,17,0,1,2,12.875412162024894,27,1,1,0,0,0,0,4.0
2804,18,1,0,0,6.656367221833439,12,0,4,0,0,0,0,3.0
2806,17,0,0,2,12.973900850660709,27,0,3,1,0,1,0,4.0
2807,18,0,0,2,12.74890757435804,7,1,3,0,1,0,0,1.0
2808,15,0,1,1,11.06855401574136,14,0,3,0,0,0,0,4.0
2809,18,1,2,1,0.2277933617710559,5,0,4,0,0,0,0,2.0
2810,16,1,0,3,13.930143669537784,26,0,1,1,0,0,0,4.0
2811,16,1,0,2,7.5208358221831295,5,0,0,0,0,0,0,2.0
2812,15,1,3,1,18.852194203173113,3,0,0,1,0,0,0,2.0
2813,17,1,0,1,16.359695421544107,10,0,3,0,1,0,0,2.0
2814,15,1,0,1,11.753889390626243,20,0,4,0,0,1,0,4.0
2815,18,1,1,3,5.043639636385389,29,1,2,1,0,0,0,4.0
2816,17,1,1,2,4.074347865553332,17,0,3,1,0,0,0,4.0
2817,16,1,0,2,6.8076967535509825,2,0,0,0,1,0,0,2.0
2818,17,1,0,2,9.531358871600371,2,0,1,1,0,0,0,2.0
2820,17,1,1,3,10.298589907849657,11,1,0,1,0,0,0,3.0
2821,17,0,1,2,3.3074085102637185,26,1,2,1,1,0,0,4.0
2822,17,0,0,1,19.55425625651,20,1,3,0,1,0,0,3.0
2823,18,0,1,1,2.158491099299878,29,1,3,1,1,1,1,4.0
2824,18,0,2,2,18.63888279308744,20,0,2,1,1,0,0,4.0
2825,15,1,0,3,18.271560228053897,5,0,3,0,0,1,1,2.0
2826,15,0,0,1,10.50720963638996,20,0,2,0,0,0,0,4.0
2827,16,1,1,3,14.498205436721689,27,1,0,0,0,0,0,4.0
2828,18,1,0,2,8.720965959451757,5,1,3,1,0,0,0,1.0
2829,16,0,0,1,12.600691550848763,7,0,1,1,0,0,1,3.0
2830,15,1,1,0,6.811518748422374,14,0,0,0,1,0,0,4.0
2831,16,0,2,1,6.023180395708907,17,1,2,0,0,0,1,4.0
2832,15,0,2,2,11.564595723390276,19,0,3,0,0,0,0,4.0
2833,18,1,1,1,9.962593483679608,28,1,1,0,1,0,0,4.0
2836,16,1,1,2,7.339156636339905,27,0,2,1,0,0,0,4.0
2837,16,1,0,1,1.677959212578186,20,0,2,0,0,0,0,4.0
2838,18,1,0,2,1.0455274454441144,16,0,1,1,1,0,0,4.0
2839,18,0,2,2,5.069142593460326,8,0,3,0,0,0,0,3.0
2841,16,1,0,3,2.075494172694814,17,0,3,0,0,0,0,4.0
2842,16,1,3,1,16.25856810787874,24,1,2,1,0,0,0,4.0
2843,18,1,0,3,0.777473940333786,22,0,2,0,0,1,0,4.0
2845,16,1,0,2,5.45115497630801,27,0,2,0,0,0,0,4.0
2846,17,0,2,2,17.430913614162527,5,0,0,0,0,0,0,3.0
2847,18,1,2,2,9.69984569154999,11,0,3,1,0,0,1,2.0
2848,18,0,0,1,6.111529186556515,10,0,2,0,0,0,0,4.0
2850,16,0,0,2,7.639160380905377,19,0,1,0,0,0,1,4.0
2853,16,1,0,3,19.939810056251023,8,0,1,0,1,0,1,3.0
2854,15,0,3,2,8.511117553934351,0,1,3,0,1,0,0,0.0
2856,16,0,0,2,14.204196966325298,2,1,3,0,1,0,0,0.0
2857,15,0,1,2,7.27798812990665,20,0,2,0,0,0,0,4.0
2858,15,0,3,2,16.66548610057515,22,1,4,0,0,0,0,4.0
2859,17,0,0,2,9.085414487208505,8,0,1,0,1,1,0,2.0
2860,15,1,0,3,14.391168265308698,21,0,2,0,0,1,1,4.0
2861,16,0,0,1,2.149064328837731,18,0,1,0,0,0,0,4.0
2862,16,1,1,2,16.922383711102235,12,0,2,1,1,0,0,2.0
2863,17,1,0,3,14.714359735562198,22,0,2,1,0,1,0,4.0
2864,16,1,1,3,4.234335569239313,13,0,3,1,0,0,0,3.0
2865,18,1,3,2,2.905720194915733,19,0,2,0,0,0,0,4.0
2866,16,1,0,3,6.325846974512488,18,1,0,0,0,1,0,4.0
2868,15,0,0,3,5.136631491341173,22,1,2,0,0,0,1,4.0
2869,15,0,0,1,9.122544178932666,26,0,1,0,1,1,0,4.0
2870,16,1,2,1,0.6004045143467263,26,0,4,1,1,1,0,4.0
2871,17,0,0,1,7.944550591324651,6,1,4,0,0,0,0,1.0
2873,17,0,1,1,19.062492250159305,11,0,3,0,0,0,0,3.0
2874,16,0,0,1,10.334720898801288,22,0,0,0,1,0,0,4.0
2876,18,1,0,1,10.94255285137801,13,0,2,0,1,0,0,4.0
2877,15,0,2,2,0.815700268710362,1,0,1,0,0,1,1,2.0
2878,16,1,3,2,6.300165503795481,0,0,3,1,0,1,0,1.0
2879,18,1,1,1,11.510990156622064,27,0,1,0,1,0,0,4.0
2880,15,1,3,2,19.011879318622487,17,0,2,1,0,0,0,3.0
2881,16,1,0,3,17.182607195024666,19,1,1,0,0,0,0,4.0
2883,15,0,1,1,4.40219660038327,2,0,2,1,1,0,1,1.0
2885,15,0,0,1,18.449977926050064,5,0,0,1,1,0,1,3.0
2887,16,0,0,1,15.497668645058976,12,0,2,0,0,1,0,3.0
2888,18,0,0,3,7.854702284484551,8,0,1,0,0,0,0,3.0
2889,17,1,0,1,10.087614085975336,8,0,4,0,0,0,1,2.0
2890,15,1,2,0,9.286634895903056,19,0,2,0,0,0,0,4.0
2891,16,1,0,1,5.067962151187453,8,0,3,0,0,1,1,3.0
2893,15,0,1,2,0.6099309570550893,12,0,2,1,1,0,0,4.0
2894,17,1,1,1,2.6362074699491833,21,0,1,1,1,0,0,4.0
2895,15,1,2,2,17.73179192337893,15,0,2,0,1,0,0,3.0
2896,17,0,1,2,15.033595340628466,1,0,1,0,0,0,0,2.0
2897,16,0,0,2,8.457368181181742,25,0,2,1,0,0,0,4.0
2898,17,1,2,1,10.343007245677544,13,0,2,0,0,1,1,4.0
2899,18,0,1,3,7.399977719199549,26,0,1,0,0,0,0,4.0
2900,16,1,0,1,14.81559734321345,5,1,3,0,0,0,1,1.0
2901,18,1,1,2,15.683743584641592,1,1,4,0,1,0,0,0.0
2903,15,0,0,1,14.452234496688993,3,1,3,1,0,0,0,0.0
2904,15,1,0,1,4.090086773855917,20,1,3,0,0,0,0,4.0
2905,17,1,0,2,6.759399584809575,23,0,2,0,0,1,0,4.0
2906,16,1,0,0,9.3969086996735,13,0,3,1,0,0,1,3.0
2907,15,0,0,2,6.615859828553113,10,0,4,1,0,0,0,2.0
2909,16,1,0,2,6.587070484999094,27,1,3,1,0,0,1,4.0
2911,18,1,2,2,7.980809040966081,11,0,2,1,0,1,0,3.0
2913,16,0,2,2,4.517628258671518,5,0,4,1,0,0,0,2.0
2916,16,1,1,1,1.4204913529865326,11,0,1,1,0,1,0,3.0
2917,18,1,2,2,9.75753211996119,6,1,4,0,1,0,0,1.0
2918,16,0,2,2,14.043286572966249,7,1,0,0,0,0,0,2.0
2919,17,0,0,1,10.264399516556376,8,1,3,1,1,0,0,1.0
2921,17,1,0,2,5.778740333151653,16,1,0,0,0,0,1,4.0
2924,17,0,0,2,7.56392699056438,4,0,0,0,0,0,1,4.0
2925,16,0,2,2,11.528111029072669,9,0,2,0,1,0,0,3.0
2926,15,1,0,3,15.84006252260392,11,0,3,0,1,0,0,2.0
2928,17,0,1,1,14.323290763552222,20,0,3,1,0,0,1,4.0
2931,18,1,1,3,2.894212722730398,27,0,2,0,0,1,0,4.0
2932,18,1,0,2,16.224611168027156,14,1,2,0,1,0,0,3.0
2933,15,1,2,0,4.452984704535707,6,0,4,1,0,0,0,2.0
2934,17,0,3,2,14.348071108104206,29,0,3,0,0,0,0,4.0
2935,17,0,0,1,18.865967944913052,5,0,2,0,0,0,0,2.0
2937,17,0,0,2,10.800583845213756,18,0,2,0,0,0,0,4.0
2938,16,1,2,0,9.22067136195624,4,0,1,1,0,0,0,2.0
2939,16,0,0,3,6.517802867872855,2,1,2,0,1,0,0,1.0
2940,17,0,0,2,9.513100618498342,25,0,3,1,0,0,0,4.0
2941,17,0,0,2,12.056150645335189,24,0,2,0,0,0,1,4.0
2945,15,1,1,4,17.782610714097167,26,0,4,1,1,1,0,4.0
2947,15,1,0,2,13.148886543549295,27,0,3,0,0,0,0,4.0
2948,16,0,0,1,17.901334458724282,29,0,3,1,1,1,0,4.0
2949,18,1,0,3,7.859015299827061,19,0,4,0,1,1,0,4.0
2951,18,1,2,1,8.31572124138366,1,0,1,1,0,1,1,1.0
2952,17,0,2,2,12.021653307864312,25,0,3,1,0,0,0,4.0
2953,17,0,1,3,14.19609426544744,3,0,2,1,0,0,0,2.0
2957,16,1,2,1,10.416311722881645,17,1,2,0,0,0,0,4.0
2961,16,0,0,2,13.219476412993515,12,0,1,1,0,0,0,4.0
2964,16,0,1,0,12.34708501976134,1,0,0,1,0,0,1,2.0
2966,15,1,1,2,3.9674507969540262,28,0,2,1,1,0,0,4.0
2967,15,0,1,1,19.23280984630608,13,0,2,1,1,0,0,2.0
2968,18,0,0,2,10.229350800852348,21,0,3,1,0,1,0,4.0
2971,15,0,2,0,7.102635280514327,15,0,2,1,0,0,0,4.0
2972,15,0,1,2,8.1432859693425,22,0,2,1,1,0,1,4.0
2973,17,0,0,3,8.183932875712996,28,1,3,0,0,0,0,4.0
2975,16,0,0,4,10.869397399627264,18,0,0,0,0,0,0,4.0
2977,17,1,0,1,2.695715698348762,8,0,2,1,1,0,0,2.0
2980,16,1,0,1,2.5227157259153032,10,0,3,1,0,0,0,3.0
2981,15,1,0,2,18.652914346823355,27,1,4,1,1,1,1,4.0
2982,18,0,0,3,12.099000262954084,19,0,1,1,0,1,0,4.0
2983,18,0,1,4,13.189801162491683,24,1,2,0,1,1,0,4.0
2985,16,0,0,3,18.179617838297283,27,0,4,0,0,0,0,4.0
2986,16,1,2,1,12.75860979159331,3,0,1,1,0,0,1,1.0
2987,16,0,0,1,15.38339739047175,19,0,3,0,1,0,0,4.0
2988,18,0,1,3,7.371249380554277,17,0,1,1,0,0,0,4.0
2989,17,1,0,2,19.20023761638251,24,0,3,0,0,0,0,4.0
2990,15,0,0,1,16.4092258031663,2,1,1,1,1,0,0,1.0
2994,15,0,1,2,5.712531993671542,25,1,3,1,0,0,0,4.0
2995,15,0,3,4,5.418184464937424,7,0,3,0,0,0,0,2.0
2996,15,0,0,0,17.10816324208576,23,0,2,0,1,0,0,4.0
2999,17,1,0,2,5.478297412598074,14,0,4,0,1,0,0,3.0
3000,15,1,1,1,3.997459492988873,6,0,1,0,0,1,0,4.0
3001,17,1,1,2,4.637192277656967,25,0,4,1,0,1,0,4.0
3002,18,1,0,3,15.958863785066,16,0,0,1,0,0,1,4.0
3003,16,1,3,3,11.26253187784094,21,0,2,0,0,0,0,4.0
3004,18,0,2,3,0.1154132258593598,21,1,2,1,0,0,0,4.0
3005,18,1,0,3,8.586455314083905,21,0,2,1,1,0,0,4.0
3006,17,1,0,2,8.157698537007178,11,0,2,0,1,0,1,3.0
3007,18,0,0,3,2.2789053888908706,17,0,2,0,0,1,0,4.0
3008,17,0,0,1,13.522835772029143,23,1,4,1,0,0,0,4.0
3009,15,1,0,1,14.04194376758982,13,1,4,1,0,0,0,2.0
3010,15,0,1,1,14.417864381041952,14,1,4,1,1,0,0,2.0
3011,17,1,0,2,14.56941891117184,14,0,4,0,0,1,0,3.0
3012,15,0,0,1,0.001056538645936,4,1,3,0,1,0,0,2.0
3014,18,0,1,1,16.28417534109326,4,0,3,1,0,0,0,0.0
3019,15,1,0,1,16.74438285917397,8,0,2,0,0,0,0,3.0
3021,17,0,1,2,14.775560578371952,26,0,3,1,0,1,0,4.0
3022,17,1,1,2,19.19833379284182,8,0,4,0,0,0,0,2.0
3023,16,1,0,2,13.570946828363212,3,0,2,0,0,0,0,2.0
3025,15,0,0,1,18.91259355497994,10,0,2,0,1,1,0,2.0
3028,18,0,0,0,9.526765869887324,28,1,3,0,0,0,0,4.0
3029,16,1,0,0,18.656924427205983,0,1,4,1,0,0,1,0.0
3030,18,0,3,2,1.5216945353101452,7,0,3,0,0,0,0,4.0
3031,17,0,1,2,10.022394016506963,24,1,2,0,0,0,0,4.0
3033,17,1,0,1,15.83813076844474,25,1,2,0,0,0,0,4.0
3034,16,0,0,3,11.660372948882728,27,0,1,1,0,0,0,4.0
3036,16,1,0,2,18.839828937677435,17,0,3,0,0,1,0,3.0
3039,16,0,1,4,0.4691804344230887,11,0,2,0,0,0,0,4.0
3041,15,0,0,1,10.737364359412044,24,0,0,0,1,0,0,4.0
3042,17,0,3,3,18.215898610198977,17,0,3,0,1,0,0,4.0
3043,15,1,0,1,16.931086449308058,26,1,3,1,1,0,0,4.0
3044,17,0,0,1,2.5499945334397145,4,0,2,0,1,0,0,3.0
3045,18,0,0,2,1.860607494817914,26,0,2,1,0,0,0,4.0
3048,17,1,0,0,5.327552828600477,26,1,1,0,1,0,0,4.0
3049,17,1,2,2,17.989061691076703,9,1,3,1,1,0,0,0.0
3050,15,0,2,3,18.54732818923107,14,1,3,0,0,1,0,2.0
3051,16,0,0,3,8.052228766803253,24,0,1,1,1,1,0,4.0
3052,17,1,0,1,17.806051142270405,6,0,2,1,0,0,0,1.0
3053,16,1,0,1,7.678977885259453,27,0,1,0,0,0,0,4.0
3054,18,0,3,2,14.736336636594004,4,1,1,1,0,0,0,1.0
3056,17,0,2,4,2.45166313014366,19,0,2,1,0,0,1,4.0
3058,17,0,2,1,9.081931867550733,19,0,2,0,0,0,0,4.0
3059,16,1,0,1,14.689740806448071,14,1,0,1,0,0,0,3.0
3060,17,1,1,0,7.343476288625843,9,0,3,0,0,0,1,3.0
3061,15,0,2,3,0.3776175715246932,23,0,2,0,0,0,1,4.0
3062,16,1,2,1,2.010607173836718,25,0,2,1,1,0,0,4.0
3063,17,0,2,2,9.924389589798489,28,1,4,0,0,0,0,4.0
3064,18,0,0,2,13.799287142527248,25,0,2,0,0,1,0,4.0
3066,18,0,0,0,13.909769183553006,25,0,2,1,0,0,0,4.0
3067,18,0,0,1,13.97271178863912,25,0,3,1,0,0,0,4.0
3068,15,1,1,3,14.078718146556618,9,1,3,1,0,0,0,1.0
3071,15,1,3,0,9.783930359612311,13,0,0,0,0,0,1,4.0
3072,17,0,0,1,9.005303869932764,1,1,4,0,1,1,0,0.0
3075,17,1,0,3,0.8466898503660669,26,0,2,1,0,0,1,4.0
3076,17,1,0,2,12.670705872323405,8,0,3,1,0,1,0,2.0
3078,17,0,2,3,6.083105089709302,15,0,3,1,0,0,0,4.0
3081,15,0,0,2,4.8439178402628436,21,0,2,0,1,0,0,4.0
3083,15,0,1,1,15.497168043639116,21,0,2,0,0,1,0,4.0
3084,16,0,0,1,2.5941251598005377,22,0,2,0,0,0,0,4.0
3085,15,0,0,2,9.07507520500707,6,1,2,0,0,1,0,2.0
3086,15,1,0,4,10.138602321543887,15,0,1,1,0,0,0,4.0
3087,16,0,1,2,13.747798253714292,8,0,2,0,0,0,0,4.0
3088,15,1,1,0,12.665669646659907,26,1,1,0,1,1,0,4.0
3089,18,0,0,2,16.214413458903497,23,1,1,0,1,0,0,4.0
3091,16,1,1,3,5.928814495587944,16,0,0,0,1,0,1,4.0
3092,18,1,1,2,5.6026823755075945,19,0,2,0,0,0,0,4.0
3093,16,0,0,1,2.9203381118421645,6,0,2,1,0,1,0,2.0
3094,16,0,2,1,5.783565077128863,10,0,2,0,0,0,0,3.0
3095,17,1,0,2,6.195306282858068,7,0,3,1,0,0,0,2.0
3096,17,1,0,1,10.437689238549568,6,0,2,0,1,0,0,2.0
3098,16,0,1,1,7.622010272236281,18,1,3,0,0,0,0,4.0
3099,16,0,0,1,14.389404626267623,19,0,4,1,1,0,0,4.0
3100,17,0,1,2,6.7233067715915995,11,0,0,1,1,0,1,3.0
3101,17,0,1,3,5.805673546295207,6,0,2,0,0,0,0,3.0
3102,15,1,2,3,10.823761117140489,7,0,2,0,0,0,0,3.0
3103,15,1,2,1,0.4743272061158121,6,0,1,0,1,0,0,4.0
3105,18,0,0,1,8.359390871730541,24,0,3,0,0,0,0,4.0
3106,18,1,0,2,18.85825422783513,8,1,1,0,0,1,0,2.0
3107,17,0,0,2,14.430235596868473,26,1,4,0,0,0,0,4.0
3108,17,0,0,3,1.762531390011155,12,1,2,0,1,0,0,3.0
3110,16,0,1,1,14.64601541216362,7,0,3,1,0,0,0,2.0
3111,18,0,0,2,12.218930514053064,21,0,0,0,0,0,0,4.0
3112,15,0,0,3,16.405859212183547,16,1,2,0,1,0,0,3.0
3113,16,1,0,3,8.082196954859143,16,0,2,0,0,0,0,4.0
3114,15,0,0,0,4.430021017077054,15,0,2,0,1,0,0,4.0
3117,15,1,1,1,10.766527440198242,29,0,1,0,0,0,0,4.0
3118,18,1,3,1,11.301475829602106,7,0,1,0,0,0,1,3.0
3119,15,0,0,0,18.974098364783615,16,0,4,1,1,0,0,3.0
3120,18,1,0,2,18.04491246192463,12,0,0,0,1,0,0,4.0
3121,18,0,0,1,17.514340731178788,17,0,1,1,1,0,0,4.0
3122,18,0,1,0,16.028336218172544,23,0,4,1,0,0,0,4.0
3124,15,1,0,3,1.969892833588065,21,0,2,1,0,0,0,4.0
3125,16,1,1,3,5.30246522891479,27,0,0,0,1,0,0,4.0
3126,16,1,2,2,9.901118913091697,9,0,3,0,0,0,0,3.0
3127,15,1,0,2,16.930689862468103,1,1,1,1,1,0,0,0.0
3128,17,1,0,4,10.10331423045465,1,0,3,1,1,0,0,0.0
3129,17,0,2,1,14.960694786831771,26,0,4,1,0,1,1,4.0
3132,15,0,1,1,14.635521900753448,6,0,3,0,1,1,0,1.0
3133,16,1,2,1,3.294680177754481,20,0,2,1,0,0,0,4.0
3136,15,1,3,2,6.997233884449569,11,1,3,0,0,1,0,2.0
3137,16,1,1,3,14.166480981559406,27,0,2,0,0,0,0,4.0
3138,18,0,0,0,7.35694362285602,22,1,4,0,0,0,0,4.0
3141,18,1,0,2,16.100353864692558,24,1,3,0,0,1,0,4.0
3142,16,0,0,0,7.397772512962497,3,0,1,1,0,0,0,2.0
3143,16,0,1,2,12.97068318066685,25,0,3,1,1,1,0,4.0
3144,15,0,1,2,14.507792033236653,3,0,1,1,1,0,0,0.0
3145,15,1,0,2,4.1932184422340075,17,0,2,1,0,0,0,4.0
3146,18,0,1,2,17.693499699066997,2,1,3,0,1,0,1,1.0
3148,15,1,0,0,8.57450283502963,16,0,3,0,0,0,0,4.0
3149,16,1,0,2,3.646703671564391,6,0,3,1,1,1,0,1.0
3151,15,1,0,3,15.101364082632502,15,0,2,1,1,0,1,2.0
3152,17,1,0,2,4.1604912546649775,29,0,4,0,0,1,0,4.0
3153,15,0,0,1,6.75421549448449,4,1,1,0,0,1,1,2.0
3154,15,0,2,2,16.193485161761465,18,0,3,0,0,1,0,4.0
3156,18,1,1,1,15.315685854314488,13,1,4,0,0,0,0,2.0
3158,17,1,2,3,14.329525252843338,2,1,2,1,0,0,1,0.0
3159,16,1,3,2,7.729874457278275,16,0,4,0,0,1,0,4.0
3160,15,0,0,0,4.225258338763929,15,1,3,0,0,0,0,4.0
3161,15,0,0,2,12.6535406968272,7,1,3,0,1,0,0,1.0
3162,15,0,2,2,19.520278511975885,17,0,0,0,0,0,0,4.0
3163,17,0,0,1,6.212019427906592,14,0,2,1,1,1,0,4.0
3165,16,0,1,3,13.480027421397072,26,0,2,1,0,0,0,4.0
3166,17,1,1,0,10.830125642449758,8,0,2,0,0,0,0,3.0
3167,18,1,3,2,16.868555914180984,5,0,1,1,0,0,0,2.0
3168,17,1,3,2,15.234854129390316,17,1,2,1,0,0,0,3.0
3169,16,0,2,2,1.1659440772471408,17,1,1,1,1,0,1,4.0
3174,16,1,2,2,17.125702560935245,13,0,1,0,0,1,0,4.0
3175,15,1,0,2,2.247659498574188,13,1,1,1,1,1,0,4.0
3177,18,1,0,2,17.528418872089855,3,0,3,0,0,1,0,3.0
3178,18,0,2,1,4.033104225337844,3,1,3,0,0,0,1,2.0
3179,17,1,1,4,1.564841971600455,14,0,1,0,1,0,0,3.0
3180,18,1,1,2,15.76237879890438,14,0,2,1,1,0,0,4.0
3182,15,0,2,1,3.253044363798012,13,1,1,0,0,0,0,1.0
3184,16,0,0,1,13.735355911943392,0,0,2,1,0,0,0,2.0
3185,15,0,0,2,10.40165366433168,9,0,1,0,0,0,1,4.0
3187,15,1,3,1,8.384984986379315,19,1,2,1,1,0,0,3.0
3188,16,1,1,2,3.879879124467944,9,1,0,0,0,0,0,3.0
3189,16,0,3,0,5.697053532212273,9,0,1,0,1,0,0,1.0
3190,17,1,0,2,10.103280365866295,26,0,2,0,1,0,0,4.0
3192,15,1,2,2,16.111616528824673,1,0,2,1,0,0,0,1.0
3193,16,1,1,2,15.827054473046688,28,0,1,1,1,0,0,2.0
3196,16,0,0,0,3.83546916587342,7,0,3,0,1,1,0,4.0
3197,17,1,1,1,1.0012905418658868,0,0,2,0,0,0,0,3.0
3198,18,0,2,2,17.472676452694003,0,0,0,0,1,0,0,4.0
3199,16,1,1,3,1.5110898752553914,3,0,3,0,0,0,0,0.0
3200,15,0,0,3,4.933768594879946,6,0,1,1,0,0,0,4.0
3202,16,1,0,1,8.188958752546183,15,1,3,0,0,0,0,2.0
3203,17,0,0,2,17.526279398310177,4,0,4,0,0,0,0,3.0
3204,17,1,1,2,5.959595893245391,1,1,2,1,0,0,0,1.0
3206,15,0,0,0,6.013112811214882,22,0,3,0,0,0,0,1.0
3207,17,1,0,3,11.561500983696632,10,0,0,1,0,0,0,4.0
3209,16,0,0,1,10.697455115175105,24,0,2,1,0,0,1,4.0
3212,17,1,0,2,5.319481293082243,12,0,4,0,1,0,0,0.0
3213,16,1,2,2,9.242809465398016,23,1,3,1,0,0,0,4.0
3216,16,1,0,2,19.972346383287693,18,0,2,1,0,0,0,1.0
3217,16,1,3,0,4.708144976830533,16,1,3,0,0,0,0,1.0
3218,15,0,0,1,14.539597426916307,4,0,3,0,1,0,0,1.0
3222,17,0,0,1,9.211320151245117,19,1,4,0,1,1,1,1.0
3224,15,0,0,0,0.4513939314688531,9,0,1,0,0,0,0,4.0
3225,18,1,2,1,13.73854833548605,7,0,4,1,0,0,1,3.0
3226,15,0,2,1,5.880067771899062,23,0,2,1,1,0,0,2.0
3227,17,0,0,1,11.197862030718987,28,0,2,0,1,0,0,2.0
3228,15,0,2,3,6.018381463308375,7,0,1,0,0,0,0,0.0
3230,18,0,2,1,8.143474771977505,5,1,1,1,0,0,1,3.0
3231,16,0,0,2,4.645467295810015,11,0,1,1,0,0,0,3.0
3232,15,0,1,3,10.69601953838336,27,1,1,1,0,0,0,4.0
3234,17,1,1,0,10.168119532892542,15,0,3,0,0,1,0,3.0
3235,15,0,0,1,3.147570297377351,8,0,3,1,0,1,0,3.0
3236,18,1,1,2,13.4194941897157,20,0,2,1,0,0,0,1.0
3238,17,0,1,3,2.2078846849986755,21,1,3,0,0,0,0,0.0
3240,15,0,0,2,1.4174340130974716,9,0,4,0,1,0,0,1.0
3241,15,1,2,2,11.963648910840048,9,0,2,0,0,0,0,0.0
3242,17,0,2,2,5.288085958592907,19,1,3,1,0,0,0,0.0
3243,15,0,0,0,10.552489136774156,28,0,4,1,0,0,0,0.0
3245,18,1,0,1,18.487086923876006,0,0,2,1,0,0,0,1.0
3246,16,0,1,1,10.981664451374458,16,0,0,0,0,0,0,4.0
3247,15,1,2,2,11.659969594366313,29,0,3,1,1,1,0,4.0
3248,17,1,2,1,8.033062515287606,25,1,2,1,0,1,0,2.0
3249,18,1,3,2,18.981592063656336,20,1,1,0,0,1,0,3.0
3250,15,0,0,2,15.543718188792193,28,0,3,1,0,1,0,4.0
3251,15,0,2,2,5.708105806056832,13,1,2,0,1,0,0,2.0
3252,17,0,0,3,16.88419171552464,18,0,2,1,0,0,0,1.0
3253,17,1,2,1,8.6479272037018,20,0,3,0,1,0,0,2.0
3255,18,1,1,2,16.45776136587004,16,0,0,0,1,0,1,1.0
3256,18,0,0,2,3.777403735257088,13,0,2,0,0,0,0,2.0
3258,16,1,0,1,5.812859386130622,20,1,1,0,0,0,0,1.0
3259,18,0,0,2,5.949853399853364,20,1,0,0,0,0,0,1.0
3260,17,1,2,1,5.926961537611614,8,1,1,0,0,0,0,3.0
3261,15,1,0,3,14.511364951198964,7,0,2,0,1,0,1,4.0
3262,18,0,2,1,4.596520835850722,12,1,2,1,0,0,0,3.0
3263,16,1,0,2,0.0181167049218045,16,0,4,1,0,1,0,1.0
3264,16,0,0,0,14.304737069652662,18,1,2,1,0,0,0,1.0
3265,16,0,2,1,3.4236948767025055,27,0,3,1,0,0,0,2.0
3266,15,1,1,2,2.089647906156693,6,0,2,0,1,1,0,3.0
3271,15,0,0,2,19.411466652547208,5,0,2,0,0,0,1,2.0
3272,15,0,2,1,14.321261068391165,25,1,3,0,0,0,0,4.0
3273,15,0,2,3,6.463881306486723,1,0,2,1,1,0,0,4.0
3275,18,1,0,3,8.970850987369188,24,1,1,0,1,0,0,1.0
3276,15,1,2,3,12.52489645526066,15,0,0,1,1,0,0,0.0
3279,15,1,0,2,17.18869165667102,4,0,2,0,1,0,0,3.0
3280,17,0,2,2,5.125098477781451,11,0,3,1,1,0,0,4.0
3281,16,0,2,1,7.603899959503551,2,1,1,1,0,1,0,1.0
3282,17,1,0,2,17.42543701900234,29,0,2,0,0,0,0,0.0
3283,18,1,0,0,13.26295658799645,15,0,3,1,0,0,0,1.0
3287,17,1,1,1,14.712853200227304,28,0,3,0,0,0,0,1.0
3290,15,0,0,0,19.092753040129367,12,0,2,1,0,0,1,3.0
3295,18,0,0,2,9.300706494613456,28,1,3,0,0,0,0,0.0
3298,17,1,3,2,4.139726060002391,10,0,4,1,0,0,0,3.0
3299,17,0,0,2,18.36386316923406,10,0,3,0,1,0,1,0.0
3300,18,0,0,2,16.303604639397783,24,0,1,0,1,0,1,0.0
3301,15,0,0,2,19.57712030356469,21,1,2,1,0,0,0,4.0
3303,17,1,0,2,5.598746593838133,25,0,4,0,0,0,0,4.0
3305,15,0,1,1,2.2448214398317723,8,0,4,1,0,0,0,3.0
3306,15,0,1,0,5.8244663715655225,19,0,3,0,1,0,0,3.0
3307,16,1,0,0,12.283674479690784,26,0,2,0,1,0,0,3.0
3308,18,1,3,3,16.086406521943452,20,0,1,0,0,1,0,3.0
3309,17,1,0,2,17.985006139631295,9,1,1,1,0,0,1,2.0
3310,17,0,0,1,12.475067687384657,21,0,1,0,0,0,0,0.0
3311,16,1,1,1,0.1126262549610745,28,0,2,0,0,0,0,1.0
3312,18,0,1,2,3.7263355303706702,8,0,4,0,0,0,1,0.0
3313,17,0,0,3,1.994524077067359,28,0,4,1,0,0,1,3.0
3314,15,0,0,0,7.2664895113802,4,0,1,0,0,0,0,2.0
3315,17,1,2,1,10.027019872674918,7,0,3,0,0,1,0,2.0
3316,15,0,0,3,0.8679435715712169,10,1,2,0,0,0,0,0.0
3317,16,1,2,0,6.969559515913106,0,1,2,0,0,0,0,1.0
3319,17,0,0,4,12.94140332517748,9,0,2,1,0,1,1,2.0
3320,17,0,0,2,9.2854473864868,0,0,4,1,0,1,1,3.0
3321,17,1,0,1,9.906352938678175,25,0,3,1,1,0,0,3.0
3323,16,1,1,0,19.12039420973134,21,0,1,1,0,0,0,4.0
3324,18,0,0,1,4.294702502431265,6,0,1,0,0,0,0,3.0
3325,17,1,1,3,10.333285196877489,27,0,2,0,0,0,0,3.0
3326,15,1,3,2,14.72034736730672,13,1,3,1,0,0,1,1.0
3327,16,1,0,2,11.13688826269125,4,0,4,1,1,0,0,1.0
3330,16,0,0,1,9.27351611546356,25,0,2,1,0,0,0,3.0
3332,16,1,0,3,12.17998222103857,5,0,3,1,1,0,0,2.0
3333,16,0,0,3,5.764239368962121,15,1,3,1,0,0,0,0.0
3335,15,0,3,2,10.89062585809016,9,0,2,1,0,0,0,2.0
3336,18,0,2,2,10.646205267598212,14,0,2,0,0,0,0,1.0
3338,16,0,0,1,13.964309069889456,22,1,4,0,0,1,0,0.0
3339,18,1,0,2,12.475443813017058,1,1,2,1,0,1,0,1.0
3340,15,0,0,3,3.780345654929944,11,1,1,0,1,0,0,2.0
3343,15,0,0,0,10.58871481082553,15,0,3,0,0,0,1,2.0
3346,18,0,0,3,12.207877332881072,1,0,3,0,1,0,0,3.0
3347,17,0,0,1,18.782173966204812,19,0,2,0,0,1,0,1.0
3348,16,1,1,2,13.434896809549668,4,0,3,0,0,1,0,4.0
3349,18,0,2,2,1.49491807272631,10,1,4,0,0,1,0,3.0
3350,18,1,0,1,9.213699469642677,25,1,1,1,0,0,0,2.0
3351,18,1,0,2,17.81648263021255,24,0,2,0,0,1,0,4.0
3352,15,0,3,2,1.8892485160217376,2,0,0,0,1,0,0,3.0
3353,17,1,0,3,19.77751424275087,2,0,2,0,1,0,1,1.0
3354,18,0,0,2,18.981387872908428,21,0,1,0,0,0,0,4.0
3355,16,1,0,2,1.5654896145975172,4,1,4,1,1,0,0,4.0
3356,17,1,0,1,18.668266408991094,21,0,2,0,1,1,0,1.0
3358,17,0,2,1,16.89418334151725,10,0,3,0,0,0,1,4.0
3359,16,0,0,2,8.36766675426543,2,0,4,1,0,0,0,1.0
3360,15,0,0,1,8.817102254050317,12,1,2,1,0,1,0,3.0
3361,18,0,1,3,12.684861819550852,20,0,2,0,0,0,0,2.0
3362,16,1,1,2,15.489548385519669,7,0,0,0,0,0,0,0.0
3366,17,1,2,2,6.918990357264059,3,0,2,0,0,0,0,2.0
3367,16,1,0,2,6.95937332310433,17,0,0,0,0,0,0,2.0
3368,15,1,3,1,9.381206804423073,18,0,3,0,0,1,0,1.0
3370,16,0,3,3,2.147222369013355,19,0,1,0,0,0,1,3.0
3371,18,1,2,1,2.912574770509029,25,0,1,0,1,0,1,4.0
3372,18,1,0,3,0.6687597112219534,8,0,2,0,0,0,1,3.0
3373,18,0,1,2,9.404981706575086,15,0,3,0,0,0,0,1.0
3374,18,0,3,2,19.08895389705977,25,0,2,0,0,0,0,1.0
3375,16,0,2,1,2.313504472962331,5,1,3,1,0,0,0,0.0
3377,17,1,2,2,14.667230294641872,3,0,0,1,0,0,0,1.0
3378,18,0,0,2,12.749976058683265,8,1,0,1,1,0,0,2.0
3379,15,1,0,2,12.905555106471258,26,0,2,0,0,1,1,3.0
3380,18,1,0,2,16.53455296792564,12,0,3,0,0,0,0,1.0
3382,15,0,2,0,10.095086471310834,5,0,3,0,0,0,0,0.0
3383,16,0,0,3,13.941822765215171,20,0,2,0,0,0,0,3.0
3384,16,1,2,2,11.736408901471274,18,1,4,0,0,0,0,3.0
3385,15,1,0,1,16.655581420465893,13,1,3,0,1,0,0,4.0
3387,16,0,0,2,13.81402078998332,14,0,2,0,0,0,0,4.0
3388,18,1,0,3,10.680554607694354,2,0,4,1,0,0,0,0.0
3390,16,1,0,2,6.8054996446806175,20,0,2,0,0,0,1,2.0
3392,16,1,0,2,17.819907492885296,13,0,2,0,0,0,1,1.0
